bg,bg_effect,bgm,zoom,character1,character2,face,popup,who_talk,talk,sound_effect,voice,sfx,talk_en,
,,,,,,,,,,,,,,<Event หลังจากเดทกับเรกะใน Chapter03>
,reika_pov,,,,,,,,,,,,,ใส่ตลอดเวลาในบทนี้
,,,,,,,,,,,,,,
twroom002n_19201080,,MusMus-BGM-097,,reika_p,,,,,หลังจากที่ฉันอาบน้ำเสร็จ ฉันก็มาที่ห้องนอน,,,,After I finished taking a shower I came to the bedroom.,
,,,,,,,,,โดยปกติฉันจะทบทวนบทเรียนล่วงหน้า,,,,Usually I review the lesson in advance.,
,,,,,,,,,แต่วันนี้มีเหตุการณ์มากมายจนสมาธิไม่อาจจดจ่ออยู่กับการอ่านหนังสือได้,,,,But today there were so many events that my concentration could not be focused on reading.,
,,,,,,,,,,,,,,
neighborhood_night,old,,,,,,,,,,,,,[FLASHBACK CH03]
,,,1,reika_c,,smile,,reika,ขอบคุณที่มาส่งนะยูมะ ถ้างั้นฉันขอตัวก่อนนะ,,reika_3_2_132,,"Thank you for sending it, Yuma. Then I'll excuse myself first.",
,,,,,,,,yuma,บ๊ายบาย ราตรีสวัสดิ์นะ,,,,"Bye, good night.",
,,,,hide reika_c,,smile_2,,reika,บ๊ายบาย นายก็กลับบ้านดีๆล่ะ,,reika_3_2_133,,"Bye bye, it's good for you to go home.",
,,,,,,,,yuma,เดี๋ยวก่อนเรกะ,,,,"Wait a minute, Reika.",
,,,,reika_c,,ah,,reika,มีอะไรเหรอ,,reika_3_2_134,,Is there something wrong?,
,,,,,,,,yuma,คือว่า…,,,,That is...,
,,,,,,worry2,,reika,ว่าอะไรเหรอ,,reika_3_2_135,,What do you say?,
,,,,,,,,yuma,…ยังไม่อยากแยกกันเลยแฮะ,,,,...I don't want to separate yet.,
,hide old,,,hide reika_c,,,,,,,,,,
,,,,,,,,,,,,,,
,,,,reika_p,,yasashi,,reika,"วันนี้ยูมะบอกว่า ""ยังไม่อยากแยกกันเลยแฮะ"" ด้วยแหละ",,,,"Today, Yuma said, ""I don't want to break up yet.""",
,,,,,,,,reika,ท่าทางตอนที่ยูมะเขินเนี่ย น่ารักจังเลยนะ,,,,The way Yuma looked shy was so cute.,
,,,,,,aho_2,,reika,ไม่ๆ ไม่สิ คิดอะไรของฉันเนี่ย,,,,"No, no, what am I thinking?",
,,,,,,angry_2,,reika,ยูมะเนี่ยนะน่ารัก… ไม่มีทางหรอก,,,,Yuma is cute... No way.,
,,,,hide reika_p,,,,reika,ยูมะไม่มีทางน่ารัก… หรอกมั้ง…,,,,Yuma is never cute... I guess...,
,,,,,,,,,ฉันรู้สึกสับสนอลหม่านและร้อนลุ่มอยู่ในใจ,,,,I feel confused and hot inside.,
,,,,,,,,,ใบหน้าของยูมะลอยขึ้นมาอีกครั้ง,,,,Yuma's face floats up again.,
,,,,,,,,,“ยังไม่อยากแยกกันเลยแฮะ”,,,,I don't want to break up yet.,
,,,,reika_p,,fin_2,,reika,แหะๆๆ ยูมะอยากอยู่กับฉันด้วยแหละ,,,,"Hehe, Yuma wants to be with me too.",
,,,,,,tense,,reika,อย่าบอกนะว่า…,,,,Don't tell me...,
,,,,,,angry3,,reika,ไม่สิ ฉันกับยูมะเป็นแค่เพื่อนสมัยเด็ก ไม่มีทางหรอก,,,,"No, Yuma and I are just childhood friends. No way.",
,,,,,,,,reika,ความรู้สึกนี้มันอะไรกันนะ,,,,What is this feeling?,
,,,,,,,,,ทำไมฉันถึงสงบใจไม่ได้ นี่มันเกิดอะไรขึ้นกับฉันกัน,,,,Why can't I calm down? What's happening to me?,
,,,,,,,,,ฉันหยิบมือถือขึ้นมา เตรียมส่ง LIME ไปหายูมะ,,,,"I picked up my phone, preparing to send LIME to Yuma.",
,,,,,,,,,แต่ทันใดนั้นนิ้วมือก็หยุดอยู่ที่ปุ่มส่งข้อความ,,,,"But suddenly, my fingers stopped on the send button.",
,,,,hide reika_p,,ahh_2,,reika,ไม่สิ นี่ฉันกำลังทำอะไรของฉันอยู่ล่ะเนี่ย,,,,"No, what am I doing?",
,,,,,,,,,ขืนเป็นแบบนี้ต่อไป ฉันคงเพี้ยนเข้าแน่,,,,"If this continues, I'll definitely go crazy.",
,,,,,,,,,ฉันกระโดดคว่ำหน้าขี้นไปบนเตียงโดยไม่รู้ตัว,,,,I unconsciously jumped face down on the bed.,
,,,,,,,,,สองมือหยิบหมอนขึ้นมาบังหัวไว้,,,,I grabbed the pillow with both hands to cover my head.,
,,,,,,ahh,,reika,เป็นความผิดของนายคนเดียวเลย ยูมะ,,,,"It's all your fault, Yuma.",
,,,,,,,,,ฉันไม่สามารถสลัดความคิดนี้ออกจากหัวได้,,,,I can't get this thought out of my head.,
,,,,,,smile,,reika,ดีใจจัง ดีใจจังเลยนะ,,,,"I'm so happy, I'm so happy.",
,,,,,,,,reika,ยูมะเองก็มีมุมที่ฉันไม่เคยเห็นมาก่อน,,,,Yuma also has a side that I've never seen before.,
,,,,,,,,reika,ความอ่อนโยนอย่างตรงไปตรงมานี่แหละ ในฐานะผู้หญิง ฉันต้องขอชื่นชมนาย,,,,"This straightforward gentleness, as a woman, I have to admire you.",
,,,,,,,,,,,,,,ตัดฉากดำ
black,,your_far_away,,,,,,,พอรู้สึกตัวอีกที……,,,,When I came to my senses……,ต้องไปโหลด
,0721_01,,,,,,,,ฉันก็ค่อย ๆ ถอดชุดออกเผยให้เห็นเนินหน้าอก,,,,I slowly took off my clothes to reveal my breasts.,
,,,,,,,,,ร่างกายมันร้อนไปหมดเลย… ทำไมกันพอนึกถึงหน้าเขาแล้วร่างกายมันก็ร้อนผ่าวไปหมด,,,,My whole body was hot… Why did my whole body feel hot whenever I thought about his face?,
,0721_02,,,,,,,reika,ช่วงหลังมานี้เป็นแบบนี้ตลอดเลย,,,,It’s been like this all along lately.,
,,,,,,,,,ความต้องการทางเพศของฉันเพิ่มขึ้นทุกวัน,,,,My sexual desire is increasing day by day.,
,,,,,,,,reika,ยูมะ…,,,,Yuma…,
,0721_05,,,,,,,,มือขวาคอยเรกะค่อย ๆ ไปสัมผัสหัวนมของตัวเอง,,,,My right hand was slowly touching Reika’s nipples.,
,,,,,,,,reika,ไม่ว่าจะดูยังไงตอนนี้เราก็กำลังจะช่วยตัวเองอยู่ไม่ใช่หรอ,,,,"No matter how I looked at it, weren’t we masturbating right now?",
,,,,,,,,reika,ถ้าเกิดมีคนมาเห็นฉันตอนนี้จะเป็นยังไงกันนะ,,,,What if someone saw me right now?,
,0721_08,,,,,,,reika,อืม..ฮะ…ฮะ..อา,,,,Umm…ha…ha…ah,
,,,,,,,,,นิ้วของเรกะค่อย ๆ เล่นกับเม็ดสีชมผูอ่อนที่ตั้งอยู่บนหน้าอกคู่งามของตนเอง,,,,Reika’s fingers slowly played with the pink beads on her beautiful chest.,
,0721_06,,,,,,,reika,ยูมะ... ยูมะ,,,,Yuma…Yuma,
,,,,,,,,,ถ้าเกิดว่าตอนนี้ยูมะกำลังดูเราอยู่ละ ยูมะจะผิดหวังในตัวเรารึเปล่า,,,,"If Yuma was looking at us right now, would Yuma be disappointed in us?",
,,,,,,,,reika,ไม่สิ ถ้าเกิดตอนนี้ทุกคนกำลังดูเราอยู่ จะรู้สึกยังไงกันนะ…,,,,"No, if everyone was looking at us right now, how would I feel…",
,,,,,,,,,ประธานนักเรียนผู้เคร่งครัด ที่จริงแล้วเป็นผู้หญิงลามกที่ชอบทำเรื่องบัดสีแบบนี้,,,,The strict student council president was actually a pervert who liked to do such indecent things.,
,0721_08,,,,,,,reika,อ้าง... ส...เสียวจัง... รู้สึกดีจังเลย,,,,Apologies… I…it feels so good…,
,0721_09,,,,,,,reika,พอคิดว่าทุกคนกำลังดูอยู่ร่างกายมันก็ร้อนขึ้นไปอีก,,,,Just thinking that everyone was watching made my body even hotter.,
,,,,,,,,reika,หยุดนิ้วไม่ได้เลย,,,,I couldn’t stop my fingers.,
,,,,,,,,,ทุกครั้งที่เรกะเล่นกับเม็ดสีชมพูบนเนินอกเธอก็ปล่อยลมหายใจร้อนผ่าวออกมา,,,,"Every time Reika played with the pink beads on her breasts, she let out a hot breath.",
,,,,,,,,reika,ฮ่าก... ฮ...ฮา...หัวนมมันแข็งขึ้นแล้ว... นี่ฉันเป็นผู้หญิงลามกขนาดนี้เลยหรอ,,,,Haha... Ha... Ha... The nipples are hard now... Am I really that much of a pervert?,
,0721_11,,,,,,,reika,ต..แต่ว่า การช่วยตัวเองเป็นเรื่องปกติของมนุษย์ไม่ใช่หรอ,,,,B... But isn't masturbation a normal thing for humans?,
,,,,,,,,reika,เพราะงั้นจะปล่อยให้ตัวเองไหลตามแล้วสนุกไปกับมันสักนิดก็คงไม่เป็นไร,,,,So it's okay to just let yourself go with the flow and enjoy it a little.,
,0721_10,,,,,,,reika,หัวนม..หัวนมมันรู้สึกดีมากเลย..ถ้าเป็นแบบนี้ต่อไปฉันจะทนไม่ไหวแล้วนะ,,,,"The nipples... The nipples feel so good... If it continues like this, I won't be able to hold back anymore.",
,0721_13,,,,,,,reika,อึก..,,,,Ugh...,
,,,,,,,,,ตอนนี้บนกางเกงในของเรกะก็กำลังเปียกไปด้วยน้ำรัก,,,,Now Reika's panties are soaked with love juice.,
,,,,,,,,reika,นี่ฉันแฉะขนาดนี้เลยหรอเนี่ย,,,,Am I really this wet?,
,0721_14,,,,,,,reika,ยูมะ…ดูสิ เรกะเป็นผู้หญิงลามกแบบนี้แหละ ไม่ได้เป็นประธานนักเรียนที่เยือกเย็นอะไรนั่นหรอก,,,,"Yuma... Look, Reika is a pervert like this, not some cold student council president.",
,,,,,,,,reika,แค่เล่นกับหัวนมนิดหน่อย ๆ ก็แฉะขนาดนี้แล้ว,,,,Just playing with her nipples a little bit and they're already this wet.,
,,,,,,,,reika,แถมยังตื่นเต้นกับการคิดว่าคนอื่นกำลังมองตัวเองทำเรื่องแบบนี้อีก,,,,"Plus, she's excited to think that other people are watching her do this.",
,,,,,,,,reika,ฉันมันเป็นผู้หญิงลามกยังไงล่ะ,,,,How am I a pervert?,
,0721_15,,,,,,,reika,อึก... อะ... อะ... อ๊าง,,,,Ugh... Ah... Ah... Ahh,
,,,,,,,,reika,ดูสิด้านที่หน้าอายของฉัน ยูมะ… ไม่สิ…ทุกคน,,,,"Look at my shameless side, Yuuma... No... Everyone.",
,,,,,,,,,ตอนนี้เรกะดำดิ่งลงไปกับตัญหาของตัวเอง จนไม่สนใจแล้วว่าตอนนี้จินตนการของเธอจะไปในทางไหน ขอแค่ทำให้เธอพึงพอใจก็พอ,,,,"Reika is now immersed in her own lust, not caring about where her imagination goes right now, as long as she can please her.",
,0721_16,,,,,,,reika,มือขวาคอยเรกะค่อย ๆ ไปสัมผัสหัวนมของตัวเอง,,,,Her right hand slowly touches Reika's nipple.,
,,,,,,,,,ในขณะที่เรกะกำลังพูดจาลามกอยู่นั้น มือของเธอก็เล่นกำเม็ดสีชมพูของเธออย่างไม่หยุดหย่อน,,,,"While Reika is talking dirty, her hand keeps fidgeting with her pink clitoris.",
,,,,,,,,,ทั้งค่อย ๆ ลูปไล้ ไปที่ยอดนั้น แต่ในบางจังหวะเธอก็ดึงมันขึ้นมาหยิกมัน เพื่อให้เธอดูสึกดีมากกว่าแค่การลูปไล้ พร้อมพ้นเสียงลามกของสัตว์ป่าออกมา,,,,"She slowly caresses the tip, but at some point she pulls it up and pinches it, to make it feel better than just caressing it, while letting out a lewd animalistic moan.",
,,,,,,,,reika,อ้าก... อะ...อ๊าง ม...ไม่พอ... แค่นี้ยังไม่พอ... ฉันต้องการมากกว่านี้,,,,Ahhh... Ah... Ahh... I... It's not enough... This is not enough... I want more.,
,0721_14,,,,,,,reika,ผู้หญิงร่าน ๆ แบบฉันต้องการมากกว่านี้,,,,A slut like me wants more.,
,0721_17,,,,,,,,เรกะค่อย ๆ ถอดกางเกงในของเธอเผยให้เห็นกลีบสีชมพูที่ชุ่มไปด้วยน้ำรัก,,,,"Reika slowly took off her panties, revealing her pink petals soaked in love juice.",
,,,,,,,,reika,ดูสิ..ทุกคน..ตรงนั้นของประธานนักเรียนผู้เยือกเย็นคนนั้นตอนนี้มันกำลังร้อนระอุรอให้มีคนมาช่วยให้มันเย็นลงอยู่นะ,,,,"Look...everybody...that cold student council president's part is burning hot, waiting for someone to help cool it down.",
,,,,,,,,,นี่ฉันพูดอะไรไปละเนี่ย...,,,,What did I just say...,
,,,,,,,,,ต...แต่ว่าพอพูดจาลามกแบบนี้แล้วมันก็รู้สึกตื่นเต้นขึ้นไปอีก,,,,B...but talking dirty like that made me feel even more excited.,
,,,,,,,,reika,ทั้งที่ตอนแรก ๆ ก็มีอารมณ์เพราะยูมะแท้ ๆ,,,,Even though I was really horny at first because of Yuma,
,0721_18,,,,,,,reika,อึก...,,,,Ugh...,
,,,,,,,,reika,พอคิดถึงยูมะร่างกายมันก็ร้อนขึ้นมาอีกแล้ว ไม่ใช่... ฉันไม่ได้ตื่นเต้นเพราะแค่ยูมะ แต่ฉันตื่นเต้นเพราะกำลังทำผิดต่อยูมะอยู่,,,,"When I think of Yuma, my body gets hot again. No... I'm not excited because of Yuma. I'm excited because I'm doing something wrong to Yuma.",
,,,,,,,,reika,การที่เราจินจนาการว่ากำลังโดนทุกคนมองอยู่ก็เหมือนการนอกใจยูมะ,,,,"If we imagine being watched by everyone, it's like cheating on Yuma.",
,0721_17,,,,,,,reika,ต..แต่ว่าเพราะเป็นจินตนการจะทำเรื่องไม่ดีเท่าไหร่ก็ได้ไม่ใช่หรอ,,,,"B...but because it's an imagination, we can do bad things as much as we want, right?",
,,,,,,,,reika,เพราะงั้นแล้ว…,,,,So...,
,0721_20,,,,,,,reika,ทุกคน เอาไอจ้อนของทุกคนออกมาสิ แล้วชักตามจังหวะที่นิ้วมือเรกะใส่เข้าไปในร่องร่านๆ นี่,,,,"Everyone, take out your dicks and jerk them to the rhythm of Reika's fingers entering this slutty slit.",
,,,,,,,,,พูดออกไปแล้ว...,,,,I've said it...,
,,,,,,,,,พูดจาลามกเหมือนอีตัวแบบนั้นออกไปแล้ว,,,,You've said dirty things like a slut.,
,,,,,,,,reika,ถ้าทุกคนมาเวียนใช้ร่องของฉันก็คงจะสนุกน่าดูเลยแหละ แต่ว่านะร่องของฉันเก็บไว้ให้ยูมะคนเดียวเท่านั้น ถึงฉันจะร่านขนาดนี้แต่ก็เลือกนะ,,,,"If everyone uses my slit, it'll be fun. But, my slit is reserved for Yuma only. Even though I'm this slutty, I'm selective.",
,0721_19,,,,,,,,เขิลชะมัดเลย...,,,,I'm so embarrassed...,
,,,,,,,,,ต...แต่ว่าอย่างน้อย ๆ เราก็ยังซื่อสัตย์ต่อยูมะอยู่ถึงจะเป็นจิตนการแต่ฉันก็อยากเก็บครั้งแรกให้ยูมะเท่านั้น,,,,"B...but at least we're still loyal to Yuma. Even though it's an imagination, I want to save the first time for Yuma only.",
,,,,,,,,reika,ถ้างั้นก็เริ่มละนะ...,,,,Then let's start...,
,0721_22,,,,,,,reika,รู้สึกดี..รู้สึกดีมากเลยนี่มันรู้สึกดีกว่าการช่วยตัวเองครั้งก่อนๆ มากเลย,,,,It feels good...it feels so good. It feels so much better than the previous masturbation.,
,,,,,,,,reika,นี่สินะความรู้สึกดีของความผิดศีลธรรม,,,,This is the good feeling of immorality.,
,0721_24,,,,,,,reika,ทั้งตรงนั้นและหัวนมมันรู้สึกดีมากเลย ท..ทุกคนเองก็รู้สึกดีเหมือนกันใช่ไหม,,,,"Both there and the nipples feel so good. T...everyone feels good too, right?",
,,,,,,,,reika,ฮ๊า…อะ...อะ... อ๊าง,,,,Ha...ah...ah...ah...,
,,,,,,,,reika,มากกว่านี้ต้องการมากกว่านี้,,,,"More, more is needed.",
,,,,,,,,,ทุกครั้งที่นิ้วของเรกะใส่เข้าไปใยร่องของเธอ เธอก็จะหยิกหัวนมของตัวเอง,,,,"Every time Reika's finger goes into her groove, she pinches her nipples.",
,,,,,,,,,ลึกเข้าไปเรื่อย ๆ ใส่นิ้วของเธอลึกเข้าไปเรื่อย ๆ ทุกครั้งที่ใส่,,,,"Going deeper and deeper, inserting her finger deeper and deeper each time.",
,0721_27,,,,,,,reika,อะ...อ๊าง... ถ้าตอนนี้...พ่อกับแม่ได้ยินเราทำแบบนี้จะเป็นยังไงกันนะ…,,,,"Ah...ah... If now...my parents hear me doing this, what will happen...",
,,,,,,,,reika,หรือเราควรจะลดเสียง…,,,,Or should I turn down the volume...,
,,,,,,,,,พอเรกะคิดว่าพ่อแม่จะจับได้เธอก็เริ่มรู้สึกตื่นเต้นขึ้นไปอีก,,,,"Just when Reika thought that her parents would catch her, she started to feel even more excited.",
,0721_26,,,,,,,reika,ขอโทษนะคะที่เป็นผู้หญิงลามก,,,,I'm sorry for being a pervert.,
,,,,,,,,,เรกะส่งเสียงดังขึ้นอีก การกระทำในครั้งนี้ของเธอเป็นอะไรที่ทำให้เธอตื่นเต้นเป็นอย่างมาก,,,,Reika's voice became louder. Her actions this time were something that made her feel extremely excited.,
,0721_24,,,,,,,reika,จะได้ยินรึเปล่านะ.. ม..ไม่สำคัญแล้วตอนนี้ฉันเป็นแค่ผู้หญิงร่านที่คิดแต่เพียงเรื่องลามก,,,,Can you hear me?... I...don't matter now. I'm just a slut who only thinks about perverted things.,
,0721_27,,,,,,,reika,เพราะงั้นทุกคนเร่งจังหวะเข้าไปอีก ในขณะที่เรกะกำลังคิดถึงยูมะ ทุกคนก็คิดถึงเรกะ จิตนาการว่าตอนนี้กำลังใช้ร่างกายของเรกะทำเรื่องลามกซะ,,,,"So everyone, speed up the pace. While Reika was thinking about Yuma, everyone was thinking about Reka. Imagine using Reika's body for some dirty things.",
,,,,,,,,reika,ใช้แล้ว ลองคิดว่าตอนนี้ได้ใช้หน้าอกคู่เบอเริ่มนี้ หรือจะเป็นหีลามกของประธานผู้เยือกเย็นอันนี้,,,,"Used it, imagine using this pair of huge breasts, or this cold-blooded chairman's pussy.",
,0721_25,,,,,,,,ช่วยตัวเองในขณะที่จิตนาการว่าทุกคนกำลังช่วยตัวเองโดยใช้ฉันเป็นเครื่องเคียง ฉันนี่มันโลกจิตชะมัด…,,,,Masturbate while imagining everyone masturbating using me as a side dish. I'm so fucking psychic...,
,0721_26,,,,,,,reika,หัวนมมันเสียวไปหมดแล้ว ข้างล่างเองก็จะไม่ไหวแล้ว,,,,"My nipples are so sensitive, and I can't take it anymore down there.",
,,,,,,,,reika,ฮ๊า…อะ..อะ..อ๊าง... ไม่ไหวแล้วจะเสร็จแล้ว,,,,"Huh... ah... ah... ah... I can't take it anymore, I'm gonna cum.",
,,,,,,,,reika,ทุกคนมาเสร็จพร้อมเรกะนะ ราดลงมาบนตัวเรกะเลย!!,,,,"Everyone, finish with Reika, pour it all over Reika!!",
,0721_29,,,,,,,reika,อึก…อะ...อะ...อ๊าง!!!,,,,Ugh... ah... ah... ah!!!,
,0721_28,,,,,,,reika,นี่เราเป็นผู้หญิงลามกขนาดนี้เลยเหรอ…,,,,Am I really that much of a pervert?,
,,,,,,,,,ถ้ายูมะรู้เข้าจะรู้สึกยังไงกันนะ…,,,,I wonder how Yuma would feel if he found out...,
black,,,,,,,,,...,,,,...,