bg,bg_effect,bgm,zoom,character1,character2,face,popup,who_talk,talk,sound_effect,voice,sfx,
bg002_sashool_h_19201080,,,,,,,,,...,,,,
bg12_pl_a_19201080,,,,,,,,,,,,,
,,,,,,,,,,,,,
,,MusMus-BGM-021,,,,,,,ตอนนี้ผมก็มาถึงโรงเรียนแล้ว,,,,ตอนนี้ผมก็มาถึงโรงเรียนแล้ว
,,,,,,,,,บ้านของผมอยู่ใกล้กับโรงเรียน ใช้เวลาเดินประมาณ 10 นาที,,,,บ้านของผมอยู่ใกล้กับโรงเรียน ใช้เวลาเดินประมาณ 10 นาที
,,,,,,,,,นักเรียนส่วนมากมักจะโดยสารรถประจำทาง บางส่วนก็นั่งรถไฟฟ้าเข้ามา,,,,นักเรียนส่วนมากมักจะโดยสารรถประจำทาง บางส่วนก็นั่งรถไฟฟ้าเข้ามา
,,,,,,,,,ต้องขอบคุณคุณพ่อที่เลือกซื้อบ้านใกล้กับโรงเรียน ทำให้ผมไม่ต้องเดินทางไกลแบบนักเรียนคนอื่น,,,,ต้องขอบคุณคุณพ่อที่เลือกซื้อบ้านใกล้กับโรงเรียน ทำให้ผมไม่ต้องเดินทางไกลแบบนักเรียนคนอื่น
,,,,,,,,,อีกทั้งทำให้ผมนอนดึกและตื่นสายได้,,,,อีกทั้งทำให้ผมนอนดึกและตื่นสายได้
,,,,akane,,ah,,akane,“อ้าว รุ่นพี่ยูมะ มาพอดีเลย”,,,,อากาเนะ: “อ้าว รุ่นพี่ยูมะ มาพอดีเลย”
,,,,,,normal,,akane,“รองประธานฯ ฝากบอกมาว่าให้รุ่นพี่ไปที่หอประชุมด่วน”,,,,อากาเนะ: “รองประธานฯ ฝากบอกมาว่าให้รุ่นพี่ไปที่หอประชุมด่วน”
,,,,,,,,yuma,“เข้าใจแล้ว”,,,,ยูมะ: “เข้าใจแล้ว”
,,,,,,,,,โดยปกตินักเรียนคนอื่นๆ จะเข้าไปที่ห้องเรียนของตัวเอง,,,,โดยปกตินักเรียนคนอื่นๆ จะเข้าไปที่ห้องเรียนของตัวเอง
,,,,,,,,,แต่เนื่องจากผมทำงานเป็นเหรัญญิกสังกัดสภานักเรียน,,,,แต่เนื่องจากผมทำงานเป็นเหรัญญิกสังกัดสภานักเรียน
,,,,,,,,,ผมต้องไปช่วยงานเบื้องหลังกิจกรรมต่างๆ ของสภานักเรียนด้วย,,,,ผมต้องไปช่วยงานเบื้องหลังกิจกรรมต่างๆ ของสภานักเรียนด้วย
,,,,,,angry,,akane,“ส่วนนายหยุดก่อน ช่วยแต่งตัวให้เรียบร้อยหน่อย”,,,,อากาเนะ: “ส่วนนายหยุดก่อน ช่วยแต่งตัวให้เรียบร้อยหน่อย”
,,,,,,,,student_m_a,“ครับ!”,,,,นักเรียนชาย A: “ครับ!”
,,,,,,,,,อิวาโนะ อากาเนะ เป็นกรรมการฝ่ายระเบียบวินัย,,,,อิวาโนะ อากาเนะ เป็นกรรมการฝ่ายระเบียบวินัย
,,,,,,,,,คอยทำหน้าที่ตรวจตราความเรียบร้อยของนักเรียนทุกคน,,,,คอยทำหน้าที่ตรวจตราความเรียบร้อยของนักเรียนทุกคน
,,,,,,,,,เนื่องจากผมยังไม่มีธุระอะไรกับเธอในตอนนี้,,,,เนื่องจากผมยังไม่มีธุระอะไรกับเธอในตอนนี้
,,,,hide akane,,,,,ผมจึงรีบไปที่หอประชุมก่อนจะโดนลูกหลงจะดีกว่า,,,,ผมจึงรีบไปที่หอประชุมก่อนจะโดนลูกหลงจะดีกว่า
twidol005n2_19201080,,,,,,,,,,,,,
,,MusMus-BGM-034,,,,,,yuma,“คาซึมะ มีอะไรให้ช่วยหรือเปล่า”,,,,ยูมะ: “คาซึมะ มีอะไรให้ช่วยหรือเปล่า”
,,,,kazuma,,ah,,kazuma,“มาพอดีเลย ช่วยจัดเตรียมระบบไฟของหอประชุมให้หน่อย”,,,,คาซึมะ: “มาพอดีเลย ช่วยจัดเตรียมระบบไฟของหอประชุมให้หน่อย”
,,,,,,,,yuma,“วางใจได้เลย”,,,,ยูมะ: “วางใจได้เลย”
,,,,,,normal,,,คาซึมะ รองประธานนักเรียน ผลการเรียนอันดับต้นๆ ของโรงเรียน,,,,คาซึมะ รองประธานนักเรียน ผลการเรียนอันดับต้นๆ ของโรงเรียน
,,,,,,,,,เก่งด้านกีฬาฟุตบอล เป็นตัวแทนการแข่งระดับภูมิภาค,,,,เก่งด้านกีฬาฟุตบอล เป็นตัวแทนการแข่งระดับภูมิภาค
,,,,,,,,,อีกทั้งเป็นลูกชายของนักการเมืองชื่อดัง อาจกล่าวได้ว่าไม่มีใครไม่รู้จักผู้ชายคนนี้,,,,อีกทั้งเป็นลูกชายของนักการเมืองชื่อดัง อาจกล่าวได้ว่าไม่มีใครไม่รู้จักผู้ชายคนนี้
,,,,,,,,yuma,“งานแถลงการณ์เริ่มเมื่อไหร่”,,,,ยูมะ: “งานแถลงการณ์เริ่มเมื่อไหร่”
,,,,,,ah,,kazuma,“อีก 20 นาที ยังมีเวลาเหลือเฟือ”,,,,คาซึมะ: “อีก 20 นาที ยังมีเวลาเหลือเฟือ”
,,,,,,,,yuma,“โอเค เข้าใจแล้ว”,,,,ยูมะ: “โอเค เข้าใจแล้ว”
,,,,,,,,,อย่างที่กล่าวไป ผมทำงานร่วมกับคาซึมะ รองประธานนักเรียน,,,,อย่างที่กล่าวไป ผมทำงานร่วมกับคาซึมะ รองประธานนักเรียน
,,,,,,,,,ปกติพวกพวกเราจะไปจัดการงานเอกสารที่ห้องสภานักเรียน,,,,ปกติพวกพวกเราจะไปจัดการงานเอกสารที่ห้องสภานักเรียน
,,,,,,,,,แต่เนื่องจากวันนี้มีแถลงการณ์พิเศษ วันนี้เราจึงต้องมาเตรียมงานหลังบ้านกัน,,,,แต่เนื่องจากวันนี้มีแถลงการณ์พิเศษ วันนี้เราจึงต้องมาเตรียมงานหลังบ้านกัน
,,,,,,normal,,akane,“นักเรียนทุกคนมากันหมดแล้ว พร้อมหรือยัง”,,,,อากาเนะ: “นักเรียนทุกคนมากันหมดแล้ว พร้อมหรือยัง”
,,,,,,,,yuma,“พร้อมแล้ว ไม่มีปัญหา”,,,,ยูมะ: “พร้อมแล้ว ไม่มีปัญหา”
,,,,,,confident,,kazuma,“ถ้าอย่างนั้นก็เริ่มเลย”,,,,คาซึมะ: “ถ้าอย่างนั้นก็เริ่มเลย”
,,,,hide kazuma,,,,,......,,,,......
snowuta_044_19201080,,,,,,,,,,,,,
,,,,,,,,,...,,,,...
,,,,,,,,,...,,,[SFX - เสียงคนคุยกันในที่สาธารณะ],...
twidol005_19201080,,,,,,,,student_f_a,“ท่านเรกะเท่ที่สุด”,,,,นักเรียนหญิง A: “ท่านเรกะเท่ที่สุด”
,,,,,,,,student_f_b,“สมกับเป็นประธานนักเรียนของพวกเรา”,,,,นักเรียนหญิง B: “สมกับเป็นประธานนักเรียนของพวกเรา”
,,,,,,,,student_m_a,“ได้ข่าวว่าสัปดาห์ก่อนมีคนสารภาพรักไป แถมโดนปฏิเสธแบบไม่มีเยื่อใย”,,,,นักเรียนชาย A: “ได้ข่าวว่าสัปดาห์ก่อนมีคนสารภาพรักไป แถมโดนปฏิเสธแบบไม่มีเยื่อใย”
,,,,,,,,student_m_b,“นั่นสินะ สมกับที่ได้ฉายาราชินีไร้เทียมทาน ผู้ที่มีจิตใจแข็งแกร่งดั่งป้อมปราการเหล็ก ไม่มีใครทำให้ใจเธอหวั่นไหวได้แม้แต่คนเดียวผู้เดียว”,,,,นักเรียนชาย B: “นั่นสินะ สมกับที่ได้ฉายาราชินีไร้เทียมทาน ผู้ที่มีจิตใจแข็งแกร่งดั่งป้อมปราการเหล็ก ไม่มีใครทำให้ใจเธอหวั่นไหวได้แม้แต่คนเดียวผู้เดียว”
,,,,,,,,,...,,,[SFX - เสียงเปิดไฟเวที],...
podium00,,Sunrise(dova),,,,,,reika,“สวัสดีนักเรียนทุกคน ฉันชื่อคุโรมิยะ เรกะ ประธานนักเรียนประจำโรงเรียนเอกชนซิลเวอร์ซีล”,,,,เรกะ: “สวัสดีนักเรียนทุกคน ฉันชื่อคุโรมิยะ เรกะ ประธานนักเรียนประจำโรงเรียนเอกชนซิลเวอร์ซีล”
,,,,,,,,reika,“นักเรียนใหม่บางคนอาจจะยังไม่ทราบประวัติความเป็นมาของโรงเรียนแห่งนี้”,,,,เรกะ: “นักเรียนใหม่บางคนอาจจะยังไม่ทราบประวัติความเป็นมาของโรงเรียนแห่งนี้”
,,,,,,,,reika,“ดังนั้นฉันขอเล่าที่มาใหม่ทั้งหมดอีกครั้ง ถือว่าเป็นการทบทวนสำหรับคนที่ทราบแล้ว”,,,,เรกะ: “ดังนั้นฉันขอเล่าที่มาใหม่ทั้งหมดอีกครั้ง ถือว่าเป็นการทบทวนสำหรับคนที่ทราบแล้ว”
podium01,,,,,,,,reika,"“โรงเรียนซิลเวอร์ซีลเป็นโรงเรียนเอกชนขนาดใหญ่กลาง(โรงเรียนขนาดกลางมีนักเรียน 300-1000 คน ถ้า 1200 ต้องขนาดใหญ่แล้ว)ที่มีนักเรียนกว่า 1,200 คน”",,,,"เรกะ: “โรงเรียนซิลเวอร์ซีลเป็นโรงเรียนเอกชนขนาดใหญ่กลาง(โรงเรียนขนาดกลางมีนักเรียน 300-1000 คน ถ้า 1200 ต้องขนาดใหญ่แล้ว)ที่มีนักเรียนกว่า 1,200 คน”"
,,,,,,,,reika,“โดยเป็นโรงเรียนต้นแบบที่เน้นให้นักเรียนทุกคนมุ่งสู่อนาคต พร้อมรับทุกคลื่นการเปลี่ยนแปลง”,,,,“โดยเป็นโรงเรียนต้นแบบที่เน้นให้นักเรียนทุกคนมุ่งสู่อนาคต พร้อมรับทุกคลื่นการเปลี่ยนแปลง”
,,,,,,,,reika,“ภายใต้แนวคิด ‘ประชาธิปไตยระดับชาติ ล้วนมีฐานรากมาจากห้องเรียน’ ”,,,,“ภายใต้แนวคิด ‘ประชาธิปไตยระดับชาติ ล้วนมีฐานรากมาจากห้องเรียน’ ”
,,,,,,,,reika,“โรงเรียนของเราได้รับการสนับสนุนจากภาครัฐและภาคเอกชนหลายส่วน,,,,“โรงเรียนของเราได้รับการสนับสนุนจากภาครัฐและภาคเอกชนหลายส่วน
podium00,,,,,,,,reika,เปิดอิสระให้นักเรียนทุกคนสามารถลงคะแนนเสียงในญัตติต่างๆ ได้”,,,,เปิดอิสระให้นักเรียนทุกคนสามารถลงคะแนนเสียงในญัตติต่างๆ ได้”
,,,,,,,,reika,“นโยบายที่ได้รับคะแนนโหวตสูงที่สุดจะถูกนำไปปฏิบัติและมีผลบังคับใช้จริง”,,,,“นโยบายที่ได้รับคะแนนโหวตสูงที่สุดจะถูกนำไปปฏิบัติและมีผลบังคับใช้จริง”
,,,,,,,,reika,“ดังนั้น ขอให้นักเรียนทุกคนได้รู้จักระเบียบ ข้อบังคับ กฎเกณฑ์และกติกาของสังคม,,,,“ดังนั้น ขอให้นักเรียนทุกคนได้รู้จักระเบียบ ข้อบังคับ กฎเกณฑ์และกติกาของสังคม
podium01,,,,,,,,reika,ตลอดจนรู้จักรับผิดชอบหน้าที่ของตนรวมถึงชุมชนและสังคมได้อย่างเหมาะสม”,,,,ตลอดจนรู้จักรับผิดชอบหน้าที่ของตนรวมถึงชุมชนและสังคมได้อย่างเหมาะสม”
,,,,,,,,student_m_a,“น่าเบื่อจัง ฟังมาสิบรอบแล้ว”,,,,นักเรียนชาย A: “น่าเบื่อจัง ฟังมาสิบรอบแล้ว”
,,,,,,,,student_m_b,“นั่นสิ พูดเหมือนเดิมจนท่องได้แล้ว”,,,,นักเรียนชาย B: “นั่นสิ พูดเหมือนเดิมจนท่องได้แล้ว”
,,,,,,,,akane,“นักเรียนชายตรงนั้น โปรดอยู่ในความสงบ ที่นี่หอประชุม ไม่ใช่ตลาด”,,,,อากาเนะ: “นักเรียนชายตรงนั้น โปรดอยู่ในความสงบ ที่นี่หอประชุม ไม่ใช่ตลาด”
,,,,,,,,student_m_b,“ขอโทษครับ”,,,,นักเรียนชาย B: “ขอโทษครับ”
podium00,,,,,,,,reika,“ก่อนหน้านี้มีคำกล่าวว่าโรงเรียนเป็นเหมือนโรงงาน ผลิตของจากแม่พิมพ์เดียวกัน,,,,เรกะ: “ก่อนหน้านี้มีคำกล่าวว่าโรงเรียนเป็นเหมือนโรงงาน ผลิตของจากแม่พิมพ์เดียวกัน
,,,,,,,,reika,ทำให้นักเรียนที่เรียนจบไปมีแนวคิดเหมือนๆ กัน”,,,,ทำให้นักเรียนที่เรียนจบไปมีแนวคิดเหมือนๆ กัน”
,,,,,,,,reika,“ที่โรงเรียนแห่งนี้จะไม่มีเรื่องแบบนั้นเด็ดขาด เราส่งเสริมอัตลักษณ์ของบุคคล,,,,“ที่โรงเรียนแห่งนี้จะไม่มีเรื่องแบบนั้นเด็ดขาด เราส่งเสริมอัตลักษณ์ของบุคคล
,,,,,,,,reika,ด้วยพื้นที่ปลอดภัยที่สามารถแสดงความคิดเห็นได้เต็มที่”,,,,ด้วยพื้นที่ปลอดภัยที่สามารถแสดงความคิดเห็นได้เต็มที่”
,,,,,,,,reika,“ดังนั้น โปรดใช้สิทธิ์ที่มีอยู่อย่างเต็มที่ 1 สิทธิ์ 1 เสียง มีความหมาย”,,,,“ดังนั้น โปรดใช้สิทธิ์ที่มีอยู่อย่างเต็มที่ 1 สิทธิ์ 1 เสียง มีความหมาย”
podium01,,,,,,,,reika,“สำหรับประเด็นในสัปดาห์นี้ เป็นเรื่องที่ได้รับมาจากสมาคมศิษย์เก่า”,,,,เรกะ: “สำหรับประเด็นในสัปดาห์นี้ เป็นเรื่องที่ได้รับมาจากสมาคมศิษย์เก่า”
,,,,,,,,reika,“โรงเรียนของเรามีการจำหน่ายเครื่องดื่มมากมาย หนี่งในนั้นคือน้ำอัดลม”,,,,“โรงเรียนของเรามีการจำหน่ายเครื่องดื่มมากมาย หนี่งในนั้นคือน้ำอัดลม”
,,,,,,,,reika,“น้ำอัดลมทำให้สดชื่น คลายร้อนได้เป็นอย่างดีในฤดูร้อนแบบนี้,,,,“น้ำอัดลมทำให้สดชื่น คลายร้อนได้เป็นอย่างดีในฤดูร้อนแบบนี้
,,,,,,,,reika,แต่ในขณะเดียวกัน มีข้อกังวลว่าหากดื่มมากเกินไปอาจทำลายสุขภาพ”,,,,แต่ในขณะเดียวกัน มีข้อกังวลว่าหากดื่มมากเกินไปอาจทำลายสุขภาพ”
,,,,,,,,reika,“น้ำอัดลมไม่ว่ายี่ห้อไหนก็ประกอบด้วยน้ำ น้ำตาล กรดคาร์บอนิก กรดฟอสฟอริก,,,,“น้ำอัดลมไม่ว่ายี่ห้อไหนก็ประกอบด้วยน้ำ น้ำตาล กรดคาร์บอนิก กรดฟอสฟอริก
podium00,,,,,,,,reika,คาเฟอีน สารแต่งสี และสารแต่งกลิ่นหรือรส รวมไปถึงสารกันบูด”,,,,คาเฟอีน สารแต่งสี และสารแต่งกลิ่นหรือรส รวมไปถึงสารกันบูด”
,,,,,,,,reika,“สิ่งที่ทำให้นํ้าอัดลมมีโทษมากกว่าเครื่องดื่มทั่วไปคือ กรดคาร์บอนิกและกรดฟอสฟอริก”,,,,“สิ่งที่ทำให้นํ้าอัดลมมีโทษมากกว่าเครื่องดื่มทั่วไปคือ กรดคาร์บอนิกและกรดฟอสฟอริก”
,,,,,,,,reika,“กรดคาร์บอนิกได้มาจากปฏิกิริยาระหว่างน้ำกับก๊าซคาร์บอนไดออกไซด์ โดยใช้ความดันสูงบังคับ,,,,“กรดคาร์บอนิกได้มาจากปฏิกิริยาระหว่างน้ำกับก๊าซคาร์บอนไดออกไซด์ โดยใช้ความดันสูงบังคับ
,,,,,,,,reika,ซึ่งสามารถย่อยสลายหินปูนได้ ด้วยเหตุนี้จึงมีผลทำให้กัดกร่อนกระดูกและฟันได้เช่นกัน”,,,,ซึ่งสามารถย่อยสลายหินปูนได้ ด้วยเหตุนี้จึงมีผลทำให้กัดกร่อนกระดูกและฟันได้เช่นกัน”
,,,,,,,,reika,“นอกจากจะทำให้เกิดการระคายเคืองต่อระบบทางเดินอาหารแล้ว ยังทำให้ฟันผุและกระดูกพรุน,,,,“นอกจากจะทำให้เกิดการระคายเคืองต่อระบบทางเดินอาหารแล้ว ยังทำให้ฟันผุและกระดูกพรุน
,,,,,,,,reika,เนื่องจากฟอสเฟตไปดึงแคลเซียมออกจากกระดูกและฟัน”,,,,เนื่องจากฟอสเฟตไปดึงแคลเซียมออกจากกระดูกและฟัน”
podium01,,,,,,,,reika,“เดิมทีโรงเรียนของเราจำหน่ายน้ำอัดลมให้เลือกซื้อได้อย่างอิสระ แต่ทางสมาคมศิษย์เก่าเสนอว่า,,,,“เดิมทีโรงเรียนของเราจำหน่ายน้ำอัดลมให้เลือกซื้อได้อย่างอิสระ แต่ทางสมาคมศิษย์เก่าเสนอว่า
,,,,,,,,reika,ควรยกเลิกการจำหน่ายน้ำอัดลมในพื้นที่โรงเรียนอย่างถาวร”,,,,ควรยกเลิกการจำหน่ายน้ำอัดลมในพื้นที่โรงเรียนอย่างถาวร”
,,,,,,,,reika,“ทุกท่านมีความเห็นอย่างไร เห็นด้วย ควรอนุญาตให้จำหน่ายน้ำอัดลมต่อ หรือ ไม่เห็นด้วย,,,,“ทุกท่านมีความเห็นอย่างไร เห็นด้วย ควรอนุญาตให้จำหน่ายน้ำอัดลมต่อ หรือ ไม่เห็นด้วย
,,,,,,,,reika,ยกเลิกการจำหน่ายน้ำอัดลมถาวร โปรดลงคะแนนเสียงภายในสัปดาห์นี้”,,,,ยกเลิกการจำหน่ายน้ำอัดลมถาวร โปรดลงคะแนนเสียงภายในสัปดาห์นี้”
podium00,,,,,,,,reika,“ขอย้ำอีกครั้งว่าทุกคนมีสิทธิ์ลงคะแนน ฝั่งที่ได้รับคะแนนโหวตสูงสุดจะนำไปปฏิบัติจริง”,,,,“ขอย้ำอีกครั้งว่าทุกคนมีสิทธิ์ลงคะแนน ฝั่งที่ได้รับคะแนนโหวตสูงสุดจะนำไปปฏิบัติจริง”
,,,,,,,,reika,“ขอจบการนำเสนอเพียงเท่านี้ ใครมีคำถามอะไรไหม”,,,,“ขอจบการนำเสนอเพียงเท่านี้ ใครมีคำถามอะไรไหม”
,,,,,,,,student_m_c,“คุณคุโรมิยะมีแฟนหรือยังครับ ช่วยบอกสเปคที่ชอบหน่อยครับ”,,,,นักเรียนชาย C: “คุณคุโรมิยะมีแฟนหรือยังครับ ช่วยบอกสเปคที่ชอบหน่อยครับ”
,,,,,,,,student_m_a,“โอ้ ไอ้นี่มันกล้าว่ะ คนจริง”,,,,นักเรียนชาย A: “โอ้ ไอ้นี่มันกล้าว่ะ คนจริง”
,,,,,,,,student_m_b,“ขอคารวะตัวแทนหมู่บ้านของพวกเรา”,,,,นักเรียนชาย B: “ขอคารวะตัวแทนหมู่บ้านของพวกเรา”
podium01,,,,,,,,reika,“สเปคผู้ชายที่ชอบเหรอ... อันดับแรกคือไม่ใช่คนแบบนายล่ะนะ”,,,,เรกะ: “สเปคผู้ชายที่ชอบเหรอ... อันดับแรกคือไม่ใช่คนแบบนายล่ะนะ”
,,,,,,,,reika,“ไม่มีสุภาพบุรุษที่ดีคนไหนพูดโผงผางเรื่องส่วนตัวกลางพื้นที่สาธารณะหรอกนะ”,,,,เรกะ: “ไม่มีสุภาพบุรุษที่ดีคนไหนพูดโผงผางเรื่องส่วนตัวกลางพื้นที่สาธารณะหรอกนะ”
,,,,,,,,student_m_c,“อะเฮือก!”,,,,นักเรียนชาย C: “อะเฮือก!”
,,,,,,,,student_m_a,“เห้ย ทำใจดีๆ ไว้”,,,,นักเรียนชาย A: “เห้ย ทำใจดีๆ ไว้”
,,,,,,,,student_m_b,“ดูเหมือนวิญญาณหลุดออกจากร่างไปซะแล้ว”,,,,นักเรียนชาย B: “ดูเหมือนวิญญาณหลุดออกจากร่างไปซะแล้ว”
,,,,,,,,reika,“ดูเหมือนว่าคงไม่มีคำถามแล้วนะ แยกย้ายกลับเข้าห้องเรียนได้”,,,,เรกะ: “ดูเหมือนว่าคงไม่มีคำถามแล้วนะ แยกย้ายกลับเข้าห้องเรียนได้”
,,,,,,,,,พอพูดจบ นักเรียนทุกคนก็ทยอยออกจากหอประชุม แยกย้ายเข้าห้องเรียนของตัวเอง,,,,พอพูดจบ นักเรียนทุกคนก็ทยอยออกจากหอประชุม แยกย้ายเข้าห้องเรียนของตัวเอง
,,,,,,,,,,,,,
bg055_sashool_h_19201080,,MusMus-BGM-128,,,,,,,...,,,,...
,,,,,,,,student_m_b,“ตัวแทนหมู่บ้านเราโดน Critical Hit เข้าเต็มๆ”,,,,นักเรียนชาย B: “ตัวแทนหมู่บ้านเราโดน Critical Hit เข้าเต็มๆ”
,,,,,,,,student_m_a,“บอกแล้ว ไม่มีใครสู้ ‘ราชินีไร้เทียมทาน’ ได้หรอก”,,,,นักเรียนชาย A: “บอกแล้ว ไม่มีใครสู้ ‘ราชินีไร้เทียมทาน’ ได้หรอก”
,,,,,,,,student_m_c,“ไม่มีความปราณีกันบ้างเลย ว่าแต่นายน่ะ ยูมะ บอกหน่อยสิว่าคุณคุโรมิยะมีจุดอ่อนอะไรบ้าง”,,,,นักเรียนชาย C: “ไม่มีความปราณีกันบ้างเลย ว่าแต่นายน่ะ ยูมะ บอกหน่อยสิว่าคุณคุโรมิยะมีจุดอ่อนอะไรบ้าง”
,,,,,,,,student_m_a,“จริงด้วย นายอยู่สภานักเรียนไม่ใช่เหรอ บอกข้อมูลวงในให้พวกเราบ้างสิฟังหน่อย”,,,,นักเรียนชาย A: “จริงด้วย นายอยู่สภานักเรียนไม่ใช่เหรอ บอกข้อมูลวงในให้พวกเราบ้างสิฟังหน่อย”
,,,,,,,,yuma,“วันก่อนมีคนแอบสอดจดหมายรักเข้ามาในกองเอกสารชมรม พอเรกะเห็นก็คุณเรกะหยิบไปใส่เครื่องทำลายเอกสารทันทีเลยล่ะ”,,,,ยูมะ: “วันก่อนมีคนแอบสอดจดหมายรักเข้ามาในกองเอกสารชมรม พอเรกะเห็นก็คุณเรกะหยิบไปใส่เครื่องทำลายเอกสารทันทีเลยล่ะ”
,,,,,,,,student_m_c,“ดูท่าทางจะหมดหวังแล้วพวกเรา”,,,,นักเรียนชาย C: “ดูท่าทางจะหมดหวังแล้วพวกเรา”
,,,,,,,,student_m_b,“อย่าพึ่งหมดหวัง ดูนั่นสิ อีกหนึ่งสุดยอดสาวงามประจำโรงเรียน”,,,,นักเรียนชาย B: “อย่าพึ่งหมดหวัง ดูนั่นสิ อีกหนึ่งสุดยอดสาวงามประจำโรงเรียน”
,,,,,,,,yuma,“ตรงไหน”,,,,ยูมะ: “ตรงไหน”
,,,,,,,,student_m_b,“นั่นไง ตรงตู้ขายเครื่องดื่มอัตโนมัติ”,,,,นักเรียนชาย B: “นั่นไง ตรงตู้ขายเครื่องดื่มอัตโนมัติ”
,flyingseal00,MusMus-BGM-103,,,,,,maya_0,“ตู้กดน้ำนี้มันใช้งานยังไงเนี่ย”,,,,???: “ตู้กดน้ำนี้มันใช้งานยังไงเนี่ย”
,,,,,,,,maya_0,“เอ๊ะ หน้าจอทัชสกรีนด้วยเหรอ”,,,,???: “เอ๊ะ หน้าจอทัชสกรีนด้วยเหรอ”
,,,,,,,,maya_0,“กดปุ่มนี้...... หรือว่าปุ่มนี้......”,,,,???: “กดปุ่มนี้...... หรือว่าปุ่มนี้......”
,,,,,,,,maya_0,“ใช้ยากชะมัด ทำไมไม่ทำให้มันกดปุ่มง่ายๆ กันเล่า”,,,,???: “ใช้ยากชะมัด ทำไมไม่ทำให้มันกดปุ่มง่ายๆ กันเล่า”
,,,,,,,,maya_0,“จริงด้วย คิดออกแล้ว”,,,,???: “จริงด้วย คิดออกแล้ว”
,,,,,,,,maya_0,“เอานี่ไปกิน!”,,,,???: “เอานี่ไปกิน!”
,,,,,,,,maya_0,“ย้ากกกกกก!”,,,,???: “ย้ากกกกกก!”
,,,,,,,,,[มายะโมโห เลยเตะตู้ไปทีนึง แต่ไม่มีอะไรเกิดขึ้น],,,,[มายะโมโห เลยเตะตู้ไปทีนึง แต่ไม่มีอะไรเกิดขึ้น]
,,,,,,,,maya_0,“ไม่ใช่ว่าถ้าเป็นอนิเมะต้องมีกระป๋องน้ำออกมาแล้วไม่ใช่หรือไง นอยอ่า”,,,,???: “ไม่ใช่ว่าถ้าเป็นอนิเมะต้องมีกระป๋องน้ำออกมาแล้วไม่ใช่หรือไง นอยอ่า”
,,,,,,,,maya_0,“สงสัยออกแรงน้อยไปหน่อย”,,,,???: “สงสัยออกแรงน้อยไปหน่อย”
,,,,,,,,maya_0,“ดีล่ะ คราวนี้ต้องได้แน่ ต้องใช้เทคนิคขั้นสูงกันสักหน่อยแล้ว”,,,,???: “ดีล่ะ คราวนี้ต้องได้แน่ ต้องใช้เทคนิคขั้นสูงกันสักหน่อยแล้ว”
,,,,,,,,maya_0,“รับไปซะ ลูกเตะอัคคีสลาตัน!”,,,,???: “รับไปซะ ลูกเตะอัคคีสลาตัน!”
,,,,,,,,,เดี๋ยวสิแบบนี้มันไม่มั่วไปหน่อยหรอ ตู้กดน้ำมันไม่ใช่ลูกบอลด้วยซ้ำ,,,,เดี๋ยวสิแบบนี้มันไม่มั่วไปหน่อยหรอ ตู้กดน้ำมันไม่ใช่ลูกบอลด้วยซ้ำ
,,,,,,,,,แถมนี่ก็ไม่ใช่อนิเมะฟุตบอลพลังเหนือธรรมชาติด้วย,,,,แถมนี่ก็ไม่ใช่อนิเมะฟุตบอลพลังเหนือธรรมชาติด้วย
,,,,,,,,yuma,“เดี๋ยวสิ นี่เธอทำอะไรเนี่ย”,,,,ยูมะ: “เดี๋ยวสิ นี่เธอทำอะไรเนี่ย”
,,,,,,,,maya_0,“อ๊ะ คนจากสภานักเรียนใช่มั้ย พอดีเลย นายมานี่หน่อยสิ”,,,,???: “อ๊ะ คนจากสภานักเรียนใช่มั้ย พอดีเลย นายมานี่หน่อยสิ”
,,,,,,,,maya_0,“ตู้นี้มันเสียแน่เลย กดปุ่มแล้วไม่เห็นมีน้ำออกมาเลย”,,,,???: “ตู้นี้มันเสียแน่เลย กดปุ่มแล้วไม่เห็นมีน้ำออกมาเลย”
,,,,,,,,yuma,“ตู้ไม่ได้เสีย เธอน่ะใช้ตู้ผิดวิธี”,,,,ยูมะ: “ตู้ไม่ได้เสีย เธอน่ะใช้ตู้ผิดวิธี”
,,,,,,,,maya_0,“ช่วยสอนฉันใช้ไอตู้นี้หน่อยสิ”,,,,???: “ช่วยสอนฉันใช้ไอตู้นี้หน่อยสิ”
,,,,,,,,yuma,“เข้าใจแล้ว ก่อนอื่นเลยตู้นี้มีชื่อว่า ‘แมวน้ำบิน (Flying Seal)’”,,,,ยูมะ: “เข้าใจแล้ว ก่อนอื่นเลยตู้นี้มีชื่อว่า ‘แมวน้ำบิน (Flying Seal)’”
,,,,,,,,,“มันเป็นตู้กดเครื่องดื่มอัตโนมัติรุ่นใหม่ล่าสุดที่ใช้พื้นที่น้อยมากๆ แต่เสริฟเครื่องดื่มร้อน-เย็น-ปั่น ได้มากกว่า 180 เมนู”,,,,“มันเป็นตู้กดเครื่องดื่มอัตโนมัติรุ่นใหม่ล่าสุดที่ใช้พื้นที่น้อยมากๆ แต่เสริฟเครื่องดื่มร้อน-เย็น-ปั่น ได้มากกว่า 180 เมนู”
,,,,,,,,,“วิธีใช้ไม่ยาก เลือกเมนู ปรับแต่งตามที่ต้องการ และจ่ายเงิน ทำตามขั้นตอนได้เลย เดี๋ยวช่วยสอนให้”,,,,“วิธีใช้ไม่ยาก เลือกเมนู ปรับแต่งตามที่ต้องการ และจ่ายเงิน ทำตามขั้นตอนได้เลย เดี๋ยวช่วยสอนให้”
,,,,,,,,maya_0,“นี่นายเป็นพนักงานบริษัทที่ปลอมตัวเป็นนักเรียนเพื่อขายน้ำรึเปล่าเนี่ย”,,,,???: “นี่นายเป็นพนักงานบริษัทที่ปลอมตัวเป็นนักเรียนเพื่อขายน้ำรึเปล่าเนี่ย”
,,,,,,,,yuma,“ฉันเป็นประธานบริษัท!!! ……ไม่ใช่ จะเป็นแบบนั้นได้ยังไงเล่า!?”,,,,ยูมะ : “ฉันเป็นประธานบริษัท!!! ……ไม่ใช่ จะเป็นแบบนั้นได้ยังไงเล่า!?”
,,,,,,,,maya_0,“ตำรวจยังปลอมตัวมาเปิดร้านขายไก่ทอดเกาหลีได้เลย ถ้านายปลอมตัวมาเป็นนักเรียนก็ไม่ใช่เรื่องแปลกนี่”,,,,???: “ตำรวจยังปลอมตัวมาเปิดร้านขายไก่ทอดเกาหลีได้เลย ถ้านายปลอมตัวมาเป็นนักเรียนก็ไม่ใช่เรื่องแปลกนี่”
,,,,,,,,yuma,“ฉันเป็นนักเรียน ไม่ใช่ตำรวจ”,,,,ยูมะ: “ฉันเป็นนักเรียน ไม่ใช่ตำรวจ”
,,,,,,,,maya_0,“ถ้างั้นก็… นักเรียนที่แฝงตัวแทรกซึมเข้ามาในโรงเรียนเพื่อตามหาผู้ใช้พลัง Astral ที่น่าสงสัย—”,,,,???: “ถ้างั้นก็… นักเรียนที่แฝงตัวแทรกซึมเข้ามาในโรงเรียนเพื่อตามหาผู้ใช้พลัง Astral ที่น่าสงสัย—”
,,,,,,,,yuma,“—แล้วความลับก็รั่วไหล โดยผู้หญิงผมสีชมพูที่ใส่แพ็ดเสริมหน้าอก”,,,,ยูมะ: “—แล้วความลับก็รั่วไหล โดยผู้หญิงผมสีชมพูที่ใส่แพ็ดเสริมหน้าอก”
,,,,,,,,maya_0,“เห… นายนี่รอบรู้ดีจัง สมกับที่เป็นคนจากสภานักเรียน ว่าแต่เกมนั้นมันเรต 18+ ไม่ใช่เหรอ”,,,,???: “เห… นายนี่รอบรู้ดีจัง สมกับที่เป็นคนจากสภานักเรียน ว่าแต่เกมนั้นมันเรต 18+ ไม่ใช่เหรอ”
,,,,,,,,yuma,“ไม่มีปัญหา ตัวละครในเกมนี้ทุกคนอายุ 18 ปีขึ้นไป”,,,,ยูมะ: “ไม่มีปัญหา ตัวละครในเกมนี้ทุกคนอายุ 18 ปีขึ้นไป”
,,,,,,,,,“ ** หมายเหตุ: ตัวละครทุกคนในเกม Re:Fragment อายุ 18 ปีขึ้นไป ** ”,,,,Narrator: “ ** หมายเหตุ: ตัวละครทุกคนในเกม Re:Fragment อายุ 18 ปีขึ้นไป ** ”
,,,,,,,,maya_0,“เอ๊ะ หน้าจอขึ้นแบบนี้ ต้องทำอะไรต่อ”,,,[SFX - เสียงดังปิ๊บๆ จากตู้ขายน้ำ],???: “เอ๊ะ หน้าจอขึ้นแบบนี้ ต้องทำอะไรต่อ”
,,,,,,,,yuma,“กดปุ่มถัดไป… เลือกเครื่องดื่มและปรับแต่งเมนูตามความต้องการได้เลย,,,,ยูมะ: “กดปุ่มถัดไป… เลือกเครื่องดื่มและปรับแต่งเมนูตามความต้องการได้เลย
,,,,,,,,maya_0,“งั้นฉันเอาอันนี้ละกัน... เลือกระดับความหวาน...? จัดไปเต็มพิกัด 140%”,,,,???: “งั้นฉันเอาอันนี้ละกัน... เลือกระดับความหวาน...? จัดไปเต็มพิกัด 140%”
,,,,,,,,yuma,“นี่เธอหวานมากไม่ดีต่อสุขภาพนะ อาจจะทำให้อ้วนได้”,,,,ยูมะ: “นี่เธอหวานมากไม่ดีต่อสุขภาพนะ อาจจะทำให้อ้วนได้”
,,,,,,,,maya_0,“พูดเรื่องน้ำหนักกับสาวน้อยแบบนี้ เสียมารยาทนะ นายไม่เข้าใจจิตใจของผู้หญิงเลยสักนิด”,,,,???: “พูดเรื่องน้ำหนักกับสาวน้อยแบบนี้ เสียมารยาทนะ นายไม่เข้าใจจิตใจของผู้หญิงเลยสักนิด”
,,,,,,,,yuma,“มันร้ายแรงขนาดนั้นเลยเหรอ?”,,,,ยูมะ: “มันร้ายแรงขนาดนั้นเลยเหรอ?”
,,,,,,,,maya_0,“ใช่นะสิ ถ้าไม่เปลี่ยนวิธีพูด ระวังจะไม่มีแฟนไปตลอดชีวิตนะ”,,,,???: “ใช่นะสิ ถ้าไม่เปลี่ยนวิธีพูด ระวังจะไม่มีแฟนไปตลอดชีวิตนะ”
,,,,,,,,,“แต่ว่าตอนนี้นายยังมีโอกาสแก้ตัวอยู่นะ”,,,,“แต่ว่าตอนนี้นายยังมีโอกาสแก้ตัวอยู่นะ”
,,,,,,,,yuma,“โอกาสแก้ตัว?”,,,,ยูมะ: “โอกาสแก้ตัว?”
,,,,,,,,maya_0,“ใช่แล้ว ถ้านายเลี้ยงน้ำแก้วนี้ฉันละก็ไม่แน่ว่าค่าความชอบของฉันอาจจะเพิ่มขึ้นก็ได้น้า~”,,,,???: “ใช่แล้ว ถ้านายเลี้ยงน้ำแก้วนี้ฉันละก็ไม่แน่ว่าค่าความชอบของฉันอาจจะเพิ่มขึ้นก็ได้น้า~”
,,,,,,,,yuma,“เธอก็แค่อยากจะหลอกกินฟรีไม่ใช่หรือไง”,,,,ยูมะ: “เธอก็แค่อยากจะหลอกกินฟรีไม่ใช่หรือไง”
,hide flyingseal00,,,,,,,maya_0,“ถูกจับได้ซะแล้ว แหะๆ ☆”,,,,???: “ถูกจับได้ซะแล้ว แหะๆ ☆”
,,,,maya,,,,maya,“ว่าแต่นายชื่ออะไรนะ จำได้แค่อยู่ในสภานักเรียน ไม่คุ้นหน้าเลย”,,,,“ว่าแต่นายชื่ออะไรนะ จำได้แค่อยู่ในสภานักเรียน ไม่คุ้นหน้าเลย”
,,,,,,,,yuma,“ฉันชื่อคุซากะ ยูมะ นักเรียนชั้นปี 2 เป็นเหรัญญิกสังกัดสภานักเรียน ปกติทำแต่งานเอกสารเบื้องหลัง ไม่ได้ขึ้นเวทีหรือออกหน้างาน”,,,,ยูมะ: “ฉันชื่อคุซากะ ยูมะ นักเรียนชั้นปี 2 เป็นเหรัญญิกสังกัดสภานักเรียน ปกติทำแต่งานเอกสารเบื้องหลัง ไม่ได้ขึ้นเวทีหรือออกหน้างาน”
,,,,,,,,maya,“ชิราซากิ มายะ ชั้นปี 3 เรียกสั้นๆ ว่ามายะได้เลย”,,,,มายะ: “ชิราซากิ มายะ ชั้นปี 3 เรียกสั้นๆ ว่ามายะได้เลย”
,,,,,,,,yuma,“เข้าใจแล้วครับ รุ่นพี่ชิราซากิ”,,,,ยูมะ: “เข้าใจแล้วครับ รุ่นพี่ชิราซากิ”
,,,,,,,,maya,“มา-ยะ”,,,,มายะ: “มา-ยะ”
,,,,,,,,yuma,“ถ้างั้น ขอเรียกว่ารุ่นพี่มายะละกัน”,,,,ยูมะ: “ถ้างั้น ขอเรียกว่ารุ่นพี่มายะละกัน”
,,,,,,,,maya,“ดีมาก ยูคุง~☆”,,,,มายะ: “ดีมาก ยูคุง~☆”
,,,,,,,,,แค่คุยกันแป๊บเดียวก็เพิ่มค่าความสนิทได้เร็วขนาดนี้ ยัยนี่สุดยอดไปเลย,,,,แค่คุยกันแป๊บเดียวก็เพิ่มค่าความสนิทได้เร็วขนาดนี้ ยัยนี่สุดยอดไปเลย
,,,,,,,,,ช่างแตกต่างกับผมลิบลับ นี่สินะสิ่งมีชีวิตที่เรียกว่าสาวแกล,,,,ช่างแตกต่างกับผมลิบลับ นี่สินะสิ่งมีชีวิตที่เรียกว่าสาวแกล
,,,,,,,,maya,“จริงสิ นายอยู่สังกัดสภานักเรียนสินะ ช่วยไปบอกคนในสภานักเรียนด้วยว่าฉันไม่เอาด้วยหรอก”,,,,มายะ: “จริงสิ นายอยู่สังกัดสภานักเรียนสินะ ช่วยไปบอกคนในสภานักเรียนด้วยว่าฉันไม่เอาด้วยหรอก”
,,,,,,,,,“อยู่ดีๆ จะมายกเลิกน้ำอัดลมได้ยังไงกัน ถ้าวันนี้ยกเลิกน้ำอัดลมได้ วันต่อไปก็ยกเลิกชาและกาแฟได้ ฉันไม่เห็นด้วยเด็ดขาด”,,,,“อยู่ดีๆ จะมายกเลิกน้ำอัดลมได้ยังไงกัน ถ้าวันนี้ยกเลิกน้ำอัดลมได้ วันต่อไปก็ยกเลิกชาและกาแฟได้ ฉันไม่เห็นด้วยเด็ดขาด”
,,,,,,,,yuma,“แต่งานวิจัยบอกว่าน้ำอัดลมไม่ดีต่อสุขภาพนะ”,,,,ยูมะ: “แต่งานวิจัยบอกว่าน้ำอัดลมไม่ดีต่อสุขภาพนะ”
,,,,,,,,maya,“มันก็จริง แต่ว่าถ้าใครอยากดื่มก็ดื่ม ไม่อยากดื่มก็ไม่ต้องดื่ม มันยากตรงไหน”,,,,มายะ: “มันก็จริง แต่ว่าถ้าใครอยากดื่มก็ดื่ม ไม่อยากดื่มก็ไม่ต้องดื่ม มันยากตรงไหน”
,,,,,,,,,“อีกอย่าง ต่อให้ในโรงเรียนไม่มีขาย เดินออกไปร้านสะดวกซื้อหน้าโรงเรียนก็ซื้อได้แล้ว”,,,,“อีกอย่าง ต่อให้ในโรงเรียนไม่มีขาย เดินออกไปร้านสะดวกซื้อหน้าโรงเรียนก็ซื้อได้แล้ว”
,,,,,,,,,“ฉันคิดว่าพวกสมาคมศิษย์เก่าที่เสนอนโยบายมันต้องมีลับลมคมในอะไรบางอย่างแน่ๆ”,,,,“ฉันคิดว่าพวกสมาคมศิษย์เก่าที่เสนอนโยบายมันต้องมีลับลมคมในอะไรบางอย่างแน่ๆ”
,,,,,,,,yuma,“ก็เป็นไปได้อยู่ แต่โชคดีที่โรงเรียนนี้ตัดสินทุกอย่างด้วยการโหวตลงคะแนน ไม่ได้บังคับใช้ทันที”,,,,ยูมะ: “ก็เป็นไปได้อยู่ แต่โชคดีที่โรงเรียนนี้ตัดสินทุกอย่างด้วยการโหวตลงคะแนน ไม่ได้บังคับใช้ทันที”
,,,,,,,,maya,“ว่าแต่ยูมะคุง นายคิดยังไงบ้าง”,,,,มายะ: “ว่าแต่ยูมะคุง นายคิดยังไงบ้าง”
,,,,,,,,yuma,“เป็นเรื่องของมติส่วนรวม ผลจะเป็นยังไงก็ขึ้นอยู่กับคะแนนเสียงของทุกคน”,,,,ยูมะ: “เป็นเรื่องของมติส่วนรวม ผลจะเป็นยังไงก็ขึ้นอยู่กับคะแนนเสียงของทุกคน”
,,,,,,,,maya,“คำตอบสมกับเป็นสมาชิกสภานักเรียน โยนเรื่องกฎระเบียบทิ้งไป ฉันถามความคิดเห็นของนายต่างหาก นายน่ะคิดยังไง”,,,,มายะ: “คำตอบสมกับเป็นสมาชิกสภานักเรียน โยนเรื่องกฎระเบียบทิ้งไป ฉันถามความคิดเห็นของนายต่างหาก นายน่ะคิดยังไง”
,,,,,,,,,“เห็นด้วยกับการยกเลิกการจำหน่ายน้ำอัดลมในโรงเรียนหรือไม่”,,,,“เห็นด้วยกับการยกเลิกการจำหน่ายน้ำอัดลมในโรงเรียนหรือไม่”
,,,,,,,,,CHOICE #1 - เห็นด้วย,,,,CHOICE #1 - เห็นด้วย
,,,,,,,,,CHOICE #2 - ไม่เห็นด้วย,,,,CHOICE #2 - ไม่เห็นด้วย
,,,,,,,,,[คำตอบของ choice นี้จะเป็นผลลัพธ์การลงคะแนนที่จะประกาศวันถัดไป แต่ไม่มีผลกับเนื้อเรื่องมากนัก],,,,[คำตอบของ choice นี้จะเป็นผลลัพธ์การลงคะแนนที่จะประกาศวันถัดไป แต่ไม่มีผลกับเนื้อเรื่องมากนัก]
,,,,,,,,,กรณีเลือก choice1 เห็นด้วย,,,,กรณีเลือก choice1 เห็นด้วย
,,,,,,,,yuma,“เห็นด้วย ควรยกเลิกจำหน่าย จริงอยู่ที่ถึงโรงเรียนจะไม่มีน้ำอัดลมขายก็สามารถซื้อจากที่อื่นได้ มันไม่ใช่แค่ว่าซื้อหรือไม่ซื้ออย่างเดียวแต่เป็นเรื่องสภาพแวดล้อมภายในโรงเรียนด้วย การที่โรงเรียนมีน้ำอัดลมขายให้เห็นตลอดทำให้นักเรียนชินกับการดื่มน้ำอัดลม และมองว่าน้ำอัดลมเป็นของเข้าถึงง่ายและดื่มเป็นประจำ แถมถ้าไม่มีน้ำอัดลมขายนักเรียนที่ชอบกินน้ำอัดลมก็อาจจะได้ไปลองกินน้ำอื่นแล้วติดใจก็ได้ จริงอยู่ที่นักเรียนสามารถซื้อที่อื่นได้ แต่ถ้าในโรงเรียนไม่มีน้ำอัดลมจำหน่าย,,,,ยูมะ: “เห็นด้วย ควรยกเลิกจำหน่าย จริงอยู่ที่ถึงโรงเรียนจะไม่มีน้ำอัดลมขายก็สามารถซื้อจากที่อื่นได้ มันไม่ใช่แค่ว่าซื้อหรือไม่ซื้ออย่างเดียวแต่เป็นเรื่องสภาพแวดล้อมภายในโรงเรียนด้วย การที่โรงเรียนมีน้ำอัดลมขายให้เห็นตลอดทำให้นักเรียนชินกับการดื่มน้ำอัดลม และมองว่าน้ำอัดลมเป็นของเข้าถึงง่ายและดื่มเป็นประจำ แถมถ้าไม่มีน้ำอัดลมขายนักเรียนที่ชอบกินน้ำอัดลมก็อาจจะได้ไปลองกินน้ำอื่นแล้วติดใจก็ได้ จริงอยู่ที่นักเรียนสามารถซื้อที่อื่นได้ แต่ถ้าในโรงเรียนไม่มีน้ำอัดลมจำหน่าย
,,,,,,,,,นักเรียนก็ไม่ต้องดื่ม ทำให้อัตราการบริโภคน้ำอัดลมลดลงได้”,,,,นักเรียนก็ไม่ต้องดื่ม ทำให้อัตราการบริโภคน้ำอัดลมลดลงได้”
,,,,,,,,,---,,,,---
,,,,,,,,,กรณีเลือก choice2 ไม่เห็นด้วย,,,,กรณีเลือก choice2 ไม่เห็นด้วย
,,,,,,,,yuma,“นั่นสินะ จริงอยู่ที่น้ำอัดลมไม่ดีต่อสุขภาพ แต่บางทีเรียนเยอะๆแล้วก็รู้สึกน้ำตาลตกเหมือนกันนะ เวลาแบบนั้นไม่มีอะไรสดชื่นไปกว่าน้ำอัดลมเย็นๆซักขวดแล้ว นานๆ ทีคนเราก็ต้องการความหวานและความสดชื่นบ้าง,,,,ยูมะ: “นั่นสินะ จริงอยู่ที่น้ำอัดลมไม่ดีต่อสุขภาพ แต่บางทีเรียนเยอะๆแล้วก็รู้สึกน้ำตาลตกเหมือนกันนะ เวลาแบบนั้นไม่มีอะไรสดชื่นไปกว่าน้ำอัดลมเย็นๆซักขวดแล้ว นานๆ ทีคนเราก็ต้องการความหวานและความสดชื่นบ้าง
,,,,,,,,,ถ้าไม่ดื่มมากเกินไปก็ไม่ใช่ปัญหาใหญ่อะไรหรอก”,,,,ถ้าไม่ดื่มมากเกินไปก็ไม่ใช่ปัญหาใหญ่อะไรหรอก”
,,,,,,,,,---,,,,---
,,,,,,,,maya,“อย่างนี้นี่เอง ที่นายพูดมาก็มีเหตุผล เข้าใจแล้ว”,,,,มายะ: “อย่างนี้นี่เอง ที่นายพูดมาก็มีเหตุผล เข้าใจแล้ว”
,,,,,,,,maya,“แย่แล้ว สัมผัสได้ถึงจิตสังหาร (พูดพึมพำ)”,,,,มายะ: “แย่แล้ว สัมผัสได้ถึงจิตสังหาร (พูดพึมพำ)”
,,,,,,,,yuma,“เมื่อกี้เธอว่าอะไรนะ”,,,,ยูมะ: “เมื่อกี้เธอว่าอะไรนะ”
,,,,,,,,maya,“ปะ… เปล่า”,,,,มายะ: “ปะ… เปล่า”
,,,,hide maya,,,,maya,“ฉันต้องรีบไปแล้ว ไว้เจอกันใหม่นะ ขอบใจมาก ยูคุง~”,,,,มายะ: “ฉันต้องรีบไปแล้ว ไว้เจอกันใหม่นะ ขอบใจมาก ยูคุง~”
,,,,,,,,,...,,,,...
,,,,,,,,,หลังพูดจบ มายะก็รีบวิ่งขึ้นบันไดพร้อมกับแก้วเครื่องดื่มจากตู้แมวน้ำบิน,,,,หลังพูดจบ มายะก็รีบวิ่งขึ้นบันไดพร้อมกับแก้วเครื่องดื่มจากตู้แมวน้ำบิน
,,,,,,,,yuma,“อะไรของเขากันนะ พิลึกคน”,,,,ยูมะ: “อะไรของเขากันนะ พิลึกคน”
,,MusMus-BGM-134,,akane,,angry,,akane,“เดี๋ยวเถอะ อย่าวิ่งบริเวณทางเดินนะ!”,,,,อากาเนะ: “เดี๋ยวเถอะ อย่าวิ่งบริเวณทางเดินนะ!”
,,,,,,angrymeme,,akane,“อย่าหนีนะ! …ให้ตายเถอะ ตามไม่ทัน”,,,,อากาเนะ: “อย่าหนีนะ! …ให้ตายเถอะ ตามไม่ทัน”
,,,,,,angry,,akane,“ว่าแต่รุ่นพี่ยูมะ ทำไมรุ่นพี่ถึงไม่ตักเตือนคุณชิราซากิ นอกจากวิ่งบริเวณทางเดินแล้วยัยนั่นยังแต่งตัวผิดกฎระเบียบหัวจรดเท้าอีกต่างหาก”,,,,อากาเนะ: “ว่าแต่รุ่นพี่ยูมะ ทำไมรุ่นพี่ถึงไม่ตักเตือนคุณชิราซากิ นอกจากวิ่งบริเวณทางเดินแล้วยัยนั่นยังแต่งตัวผิดกฎระเบียบหัวจรดเท้าอีกต่างหาก”
,,,,,,,,yuma,“ขอโทษคร้าบ ครั้งหน้าจะรีบตักเตือน”,,,,ยูมะ: “ขอโทษคร้าบ ครั้งหน้าจะรีบตักเตือน”
,,,,,,look,,akane,“อย่าให้หนูรู้นะว่ารุ่นพี่แกล้งทำเป็นมองไม่เห็นเพราะเห็นว่ายัยนั่นน่ารักน่ะ”,,,,อากาเนะ: “อย่าให้หนูรู้นะว่ารุ่นพี่แกล้งทำเป็นมองไม่เห็นเพราะเห็นว่ายัยนั่นน่ารักน่ะ”
,,,,,,,,,ถึงว่า เมื่อสักครู่รุ่นพี่มายะจะรีบวิ่งหนีไปเพราะเห็นอากาเนะสินะ,,,,ถึงว่า เมื่อสักครู่รุ่นพี่มายะจะรีบวิ่งหนีไปเพราะเห็นอากาเนะสินะ
,,,,hide akane,,,,,วันนี้มันอะไรกันเนี่ย วุ่นวายชะมัด,,,,วันนี้มันอะไรกันเนี่ย วุ่นวายชะมัด
bg001_sashool_h_19201080,,MusMus-BGM-066,,,,,,student_m_a,นี่เธอคิดว่าไงบ้างเรื่องงดการขายน้ำอัดลมน่ะ,,,,นักเรียนหญิง A: นี่เธอคิดว่าไงบ้างเรื่องงดการขายน้ำอัดลมน่ะ
,,,,,,,,student_m_b,ถึงมันจะไม่ดีต่อสุขภาพ แต่มันก็อร่อยนี่นา,,,,นักเรียนหญิง B: ถึงมันจะไม่ดีต่อสุขภาพ แต่มันก็อร่อยนี่นา
,,,,,,,,,ดูเหมือนแม้กระทั่งในห้องเรียนเองทุกคนก็คุยกันเรื่องการโหวตเมื่อเช้าเหมือนกัน,,,,ดูเหมือนแม้กระทั่งในห้องเรียนเองทุกคนก็คุยกันเรื่องการโหวตเมื่อเช้าเหมือนกัน
,,,,,,,,,แต่ก็มีนักเรียนบางกลุ่มที่ต่างออกไป…,,,,แต่ก็มีนักเรียนบางกลุ่มที่ต่างออกไป…
,,,,,,,,student_m_c,“ยูม้า~~~~~~”,,,,นักเรียนชาย C: “ยูม้า~~~~~~”
,,,,,,,,student_m_c,“นายช่วยสอนวิธีจีบสาวหน่อย”,,,,นักเรียนชาย C: “นายช่วยสอนวิธีจีบสาวหน่อย”
,,,,,,,,student_m_b,“เมื่อกี้เห็นนะ คุยกันสวีทหวานแหววกับรุ่นพี่ชิราซากิคนดังของโรงเรียนด้วยแหละ”,,,,นักเรียนชาย B: “เมื่อกี้เห็นนะ คุยกันสวีทหวานแหววกับรุ่นพี่ชิราซากิคนดังของโรงเรียนด้วยแหละ”
,,,,,,,,yuma,“เปล่า ไม่ได้ทำอะไรเป็นพิเศษสักซักหน่อย”,,,,ยูมะ: “เปล่า ไม่ได้ทำอะไรเป็นพิเศษสักซักหน่อย”
,,,,,,,,student_m_a,“ไม่ใช่แค่นั้น รุ่นพี่ชิราซากิยังกระเถิบเข้าใกล้แถมเอาหน้าอกเบิ้มๆ นั่นมาดันยูมะด้วย”,,,,นักเรียนชาย A: “ไม่ใช่แค่นั้น รุ่นพี่ชิราซากิยังกระเถิบเข้าใกล้แถมเอาหน้าอกเบิ้มๆ นั่นมาดันยูมะด้วย”
,,,,,,,,student_m_c,“หน้าอกเบิ้มๆงั้นเหรอ!? คนทรยศ!”,,,,นักเรียนชาย C: “หน้าอกเบิ้มๆงั้นเหรอ!? คนทรยศ!”
,,,,,,,,,หลังจากที่มีคนพูดถึงนมเบิ้มๆของรุ่นพี่มายะ นักเรียนในห้องก็หยุดพูดถึงเรื่องโหวตการยกเลิกการจำหน่ายน้ำอัดลมในโรงเรียน,,,,หลังจากที่มีคนพูดถึงนมเบิ้มๆของรุ่นพี่มายะ นักเรียนในห้องก็หยุดพูดถึงเรื่องโหวตการยกเลิกการจำหน่ายน้ำอัดลมในโรงเรียน
,,,,reika,,angry_2,,reika,“ยูมะ เมื่อกี้หมายความว่าไง”,,,,เรกะ: “ยูมะ เมื่อกี้หมายความว่าไง”
,,,,,,,,yuma,“ก็แค่บังเอิญน่ะ”,,,,ยูมะ: “ก็แค่บังเอิญน่ะ”
,,,,,,angrymeme_2,,reika,“เห… นายจะบอกว่ารุ่นพี่กระเถิบเอาหน้าอกเบิ้มๆ มาดันแขนเนี่ยเป็นเรื่องบังเอิญเหรอ”,,,,เรกะ: “เห… นายจะบอกว่ารุ่นพี่กระเถิบเอาหน้าอกเบิ้มๆ มาดันแขนเนี่ยเป็นเรื่องบังเอิญเหรอ”
,,,,,,,,yuma,“ก็… แค่… บัง… เอิญ…”,,,,ยูมะ: “ก็… แค่… บัง… เอิญ…”
,,,,,,,,,ทำไมทุกคนถึงเอาแต่สนใจเรื่องหน้าอกเบิ้มๆกัน มันไม่มีเรื่องอื่นที่น่าสนใจกว่าหน้าอกเบิ้มๆแล้วรึไง,,,,ทำไมทุกคนถึงเอาแต่สนใจเรื่องหน้าอกเบิ้มๆกัน มันไม่มีเรื่องอื่นที่น่าสนใจกว่าหน้าอกเบิ้มๆแล้วรึไง
,,,,,,,,,……,,,,……
,,,,,,,,,ก็คงไม่มีรึเปล่านะ…,,,,ก็คงไม่มีรึเปล่านะ…
,,,,,,,,student_m_a,“จะว่าไป ทั้งสองคนสนิทกันดีจัง”,,,,นักเรียนชาย A: “จะว่าไป ทั้งสองคนสนิทกันดีจัง”
,,,,,,,,student_m_b,“จริงด้วย ถ้าเป็นแค่คนที่ทำงานในสภานักเรียนด้วยกันเฉยๆ ก็คงไม่สนิทกันแบบนี้หรอก นายเป็นอะไรกับคุณเรกะ บอกมาเดี๋ยวนี้นะ”,,,,นักเรียนชาย B: “จริงด้วย ถ้าเป็นแค่คนที่ทำงานในสภานักเรียนด้วยกันเฉยๆ ก็คงไม่สนิทกันแบบนี้หรอก นายเป็นอะไรกับคุณเรกะ บอกมาเดี๋ยวนี้นะ”
,,,,,,annoy,,reika,“ฉันตอบให้ก็ได้ ฉันกับยูมะเป็น—-,,,,เรกะ: “ฉันตอบให้ก็ได้ ฉันกับยูมะเป็น—-
,,,,,,,,yuma,“หยุด ขอเวลานอก!”,,,,ยูมะ: “หยุด ขอเวลานอก!”
,,,,,,,,,พอพูดจบ ผมก็ลากเรกะออกมาหน้าริมทางเดินห้องเรียน,,,,พอพูดจบ ผมก็ลากเรกะออกมาหน้าริมทางเดินห้องเรียน
bg055_sashool_h_19201080,,,,,,,,yuma,“นี่เธอจะเปิดเผยความสัมพันธ์ของเราจริงๆ เหรอ”,,,,ยูมะ: “นี่เธอจะเปิดเผยความสัมพันธ์ของเราจริงๆ เหรอ”
,,,,,,normal,,reika,“ไม่เห็นต้องปิดบังเลย ฉันคิดว่ายิ่งปิดบังคนยิ่งสงสัย สู้บอกไปเลยดีกว่า”,,,,เรกะ: “ไม่เห็นต้องปิดบังเลย ฉันคิดว่ายิ่งปิดบังคนยิ่งสงสัย สู้บอกไปเลยดีกว่า”
,,,,,,,,yuma,“แต่เธอเป็นคนพูดเองไม่ใช่เหรอว่าไม่อยากให้คนอื่นรู้”,,,,ยูมะ: “แต่เธอเป็นคนพูดเองไม่ใช่เหรอว่าไม่อยากให้คนอื่นรู้”
,,,,,,angry2_2,,reika,“ฉันบอกนายตอนไหน”,,,,เรกะ: “ฉันบอกนายตอนไหน”
,,,,,,,,yuma,“ตอนม.ต้น ที่เราสองคนเคยดูดาว—-”,,,,ยูมะ: “ตอนม.ต้น ที่เราสองคนเคยดูดาว—-”
,,,,,,ah_2,,reika,“นั่นมันอดีตนานมาแล้ว ช่างมันเถอะ เอาเป็นว่าประกาศให้ทุกคนรู้น่าจะดีที่สุด”,,,,เรกะ: “นั่นมันอดีตนานมาแล้ว ช่างมันเถอะ เอาเป็นว่าประกาศให้ทุกคนรู้น่าจะดีที่สุด”
,,,,,,,,yuma,“โอเค เข้าใจแล้ว”,,,,ยูมะ: “โอเค เข้าใจแล้ว”
,,,,hide reika,,,,,พอพูดจบ พวกเราทั้งสองคนก็เดินเข้าห้องเรียน,,,,พอพูดจบ พวกเราทั้งสองคนก็เดินเข้าห้องเรียน
bg001_sashool_h_19201080,,MusMus-BGM-091,,reika,,confident,,reika,“ทุกคน ฉันขอแจ้งให้ทราบว่า…”,,,,เรกะ: “ทุกคน ฉันขอแจ้งให้ทราบว่า…”
,,,,,,,,student_m_a,“ว่า…”,,,,นักเรียนชาย A: “ว่า…”
,,,,,,serious_2,,reika,“ฉันกับยูมะเป็นเพื่อนสมัยเด็ก”,,,,เรกะ: “ฉันกับยูมะเป็นเพื่อนสมัยเด็ก”
,,,,,,,,student_m_a,“โธ่ นึกว่าจะประกาศว่าคบเป็นแฟนกัน หลอกให้ลุ้นทำไม”,,,,นักเรียนชาย A: “โธ่ นึกว่าจะประกาศว่าคบเป็นแฟนกัน หลอกให้ลุ้นทำไม”
,,,,,,,,student_m_b,“ฉันชนะ บอกแล้วคนอย่างยูมะไม่มีปัญญาคบดอกฟ้าอย่างประธานนักเรียนได้หรอก”,,,,นักเรียนชาย B: “ฉันชนะ บอกแล้วคนอย่างยูมะไม่มีปัญญาคบดอกฟ้าอย่างประธานนักเรียนได้หรอก”
,,,,,,,,yuma,“เดี๋ยวนะ คิดว่าคนอย่างฉันจะคบกับเรกะไม่ได้งั้นเหรอ”,,,,ยูมะ: “เดี๋ยวนะ คิดว่าคนอย่างฉันจะคบกับเรกะไม่ได้งั้นเหรอ”
,,,,,,,,student_m_a,“ใช่”,,,,นักเรียนชาย A: “ใช่”
,,,,,,,,student_m_b,“ใช่”,,,,นักเรียนชาย B: “ใช่”
,,,,,,,,student_m_c,“ใช่”,,,,นักเรียนชาย C: “ใช่”
,,,,,,,,yuma,“ทีแบบนี้สามัคคีกันเชียว ตอบเป็นเสียงเดียวกันอีก!?”,,,,ยูมะ: “ทีแบบนี้สามัคคีกันเชียว ตอบเป็นเสียงเดียวกันอีก!?”
,,,,,,ah,,reika,“ฉันบอกให้ก็ได้ ฉันแค่รู้จักกับยูมะตั้งแต่สมัยประถม ไม่ได้มีอะไรมากไปกว่านั้นหรอกนะ”,,,,เรกะ: “ฉันบอกให้ก็ได้ ฉันแค่รู้จักกับยูมะตั้งแต่สมัยประถม ไม่ได้มีอะไรมากไปกว่านั้นหรอกนะ”
,,,,,,aho,,reika,“คงไม่มีข้อสงสัยแล้วนะ”,,,,เรกะ: “คงไม่มีข้อสงสัยแล้วนะ”
,,,,,,,,yuma,“ไม่เห็นต้องย้ำเลย”,,,,ยูมะ: “ไม่เห็นต้องย้ำเลย”
,,,,,,,,student_m_c,“กล้าดียังไงมาแย่งคุณคุโรมิยะของฉัน”,,,,นักเรียนชาย C: “กล้าดียังไงมาแย่งคุณคุโรมิยะของฉัน”
,,,,,,,,student_m_b,“เดี๋ยวสิ คุณคุโรมิยะเป็นของนายตั้งแต่เมื่อไหร่”,,,,นักเรียนชาย B: “เดี๋ยวสิ คุณคุโรมิยะเป็นของนายตั้งแต่เมื่อไหร่”
,,,,hide reika,,,,,[คุณครูริสะเดินเข้ามาในห้อง],,,,[คุณครูริสะเดินเข้ามาในห้อง]
,,,,risa ,,angry,,risa,“ทุกคนเงียบ ได้เวลาเริ่มเรียนแล้ว”,,,,คุณครูริสะ: “ทุกคนเงียบ ได้เวลาเริ่มเรียนแล้ว”
,,,,,,,,,โชคดีที่คุณครูริสะมาได้ถูกจังหวะ ความวุ่นวายในห้องเลยสงบลง,,,,โชคดีที่คุณครูริสะมาได้ถูกจังหวะ ความวุ่นวายในห้องเลยสงบลง
,,,,,,,,,….,,,,….
,,,,,,,,,…,,,,…
,,,,hide risa,,,,,.,,,,.
,,,,,,,,,,,,,...
bg002_sashool_cy_19201080,,,,,,,,,...,,,,...
,,MusMus-BGM-037,,,,,,,ในที่สุดก็เลิกเรียนสักที,,,,ในที่สุดก็เลิกเรียนสักที
,,,,,,,,student_m_c,“นี่ยูมะวันนี้นายไม่มีงานที่สภานักเรียนใช่ไหม ฉันมีที่ดีๆจะแนะนำนายด้วย”,,,,นักเรียนชาย C: “นี่ยูมะวันนี้นายไม่มีงานที่สภานักเรียนใช่ไหม ฉันมีที่ดีๆจะแนะนำนายด้วย”
,,,,,,,,yuma,“ที่ดีๆ?”,,,,ยูมะ: “ที่ดีๆ?”
,,,,,,,,student_m_c,“ใช่แล้ว ยิมยังไงล่ะ!”,,,,นักเรียนชาย C: “ใช่แล้ว ยิมยังไงล่ะ!”
,,,,,,,,student_m_c,“ลูกผู้ชายยังไงก็ต้องคู่กับการเล่นกล้ามอยู่แล้วเราไปฟิตเนสกันเถอะ”,,,,นักเรียนชาย C: “ลูกผู้ชายยังไงก็ต้องคู่กับการเล่นกล้ามอยู่แล้วเราไปฟิตเนสกันเถอะ”
,,,,,,,,,“ไม่แน่บางทีถ้าพวกเรามีกล้ามใหญ่ล่ำบึกแล้วเราอาจจะเป็นสุดยอดคู่หูนักเรียนชายที่ฮ็อตที่สุดในโรงเรียนก็ได้”,,,,“ไม่แน่บางทีถ้าพวกเรามีกล้ามใหญ่ล่ำบึกแล้วเราอาจจะเป็นสุดยอดคู่หูนักเรียนชายที่ฮ็อตที่สุดในโรงเรียนก็ได้”
,,,,,,,,yuma,“เอาที่นายสบายใจเลยเพื่อน น้องสาวรอฉันอยู่ที่บ้าน”,,,,ยูมะ: “เอาที่นายสบายใจเลยเพื่อน น้องสาวรอฉันอยู่ที่บ้าน”
,,,,,,,,student_m_c,“ระหว่างน้องสาวกับเส้นทางสู่การเป็นสุดยอดคู่หูนักเรียนชายที่ฮ็อตที่สุดในโรงเรียน นายคิดจะเลือกอะไร”,,,,นักเรียนชาย C: “ระหว่างน้องสาวกับเส้นทางสู่การเป็นสุดยอดคู่หูนักเรียนชายที่ฮ็อตที่สุดในโรงเรียน นายคิดจะเลือกอะไร”
,,,,,,,,,CHOICE,,,,CHOICE
,,,,,,,,,1. น้องสาว,,,,1. น้องสาว
,,,,,,,,,2. น้องสาว,,,,2. น้องสาว
,,,,,,,,,3. น้องสาว,,,,3. น้องสาว
,,,,,,,,yuma,“น้องสาว”,,,,ยูมะ: “น้องสาว”
,,,,,,,,student_m_c,“ซิสค่อน”,,,,นักเรียนชาย C: “ซิสค่อน”
,,,,,,,,yuma,“เปล่านะ ฉันก็แค่…”,,,,ยูมะ: “เปล่านะ ฉันก็แค่…”
,,,,,,,,student_m_c,“ซิสค่อน”,,,,นักเรียนชาย C: “ซิสค่อน”
,,,,,,,,yuma,“นี่นายไม่คิดจะฟังที่ฉันพูดเลยไม่ใช่รึไง…”,,,,ยูมะ: “นี่นายไม่คิดจะฟังที่ฉันพูดเลยไม่ใช่รึไง…”
,,,,,,,,student_m_c,“คิดออกแล้ว นายก็พาน้องสาวมาที่ยิมด้วยเลยสิ โชว์พลังลูกผู้ชายให้น้องสาวสุดที่เลิฟเห็น ยกน้ำหนักแข่งกัน เดี๋ยวฉันแกล้งแพ้ให้”,,,,นักเรียนชาย C: “คิดออกแล้ว นายก็พาน้องสาวมาที่ยิมด้วยเลยสิ โชว์พลังลูกผู้ชายให้น้องสาวสุดที่เลิฟเห็น ยกน้ำหนักแข่งกัน เดี๋ยวฉันแกล้งแพ้ให้”
,,,,,,,,yuma,“เข้าท่า แต่ไม่ได้หรอก น้องสาวฉันออกจากบ้านไม่ได้”,,,,ยูมะ: “เข้าท่า แต่ไม่ได้หรอก น้องสาวฉันออกจากบ้านไม่ได้”
,,,,,,,,student_m_c,“ทำไมล่ะ?”,,,,นักเรียนชาย C: “ทำไมล่ะ?”
,,,,,,,,yuma,“เรื่องมันยาว เอาเป็นว่าน้องสาวฉันสุขภาพไม่แข็งแรง ออกจากบ้านไม่ได้”,,,,ยูมะ: “เรื่องมันยาว เอาเป็นว่าน้องสาวฉันสุขภาพไม่แข็งแรง ออกจากบ้านไม่ได้”
,,,,,,,,student_m_c,“คงไม่,,,,?นักเรียนชาย C: “คงไม่
,,,,,,,,student_m_c,“งั้นก็ไม่เป็นไร ไว้เจอกันพรุ่งนี้ กล้ามเนื้อฉันกำลังกู่ร้องแล้วฉันไปก่อนนะฉันไปก่อนแล้ว”,,,,นักเรียนชาย C: “งั้นก็ไม่เป็นไร ไว้เจอกันพรุ่งนี้ กล้ามเนื้อฉันกำลังกู่ร้องแล้วฉันไปก่อนนะฉันไปก่อนแล้ว”
,,,,,,,,,พอพูดจบพวกเราก็แยกย้ายกัน,,,,พอพูดจบพวกเราก็แยกย้ายกัน
,,,,,,,,,…,,,,…
,,,,,,,,,..,,,,..
,,,,,,,,,.,,,,.
twhouse004_19201080,,MusMus-BGM-029,,,,,,,เมื่อกลับบ้านไปก็พบกับน้องสาวรอต้อนรับอยู่,,,,เมื่อกลับบ้านไปก็พบกับน้องสาวรอต้อนรับอยู่
,,,,yuno,,smile2,,yuno,“กลับมาแล้วเหรอ เย้ ดีใจจัง ไม่ได้เจอกันตั้งนานเลย”,,,,ยูโนะ: “กลับมาแล้วเหรอ เย้ ดีใจจัง ไม่ได้เจอกันตั้งนานเลย”
,,,,,,,,yuma,“คำว่านานที่ว่าเนี่ยยังไม่ถึง 8 ชั่วโมงเลยนะ“,,,,ยูมะ: “คำว่านานที่ว่าเนี่ยยังไม่ถึง 8 ชั่วโมงเลยนะ“
,,,,,,,,,บางทีถ้ายูโนะมีหาง ป่านนี้คงแกว่งระริกระรี้เหมือนสุนัขตอนดีใจ,,,,บางทีถ้ายูโนะมีหาง ป่านนี้คงแกว่งระริกระรี้เหมือนสุนัขตอนดีใจ
,,,,,,,,yuma,“บทเรียนวันนี้เป็นยังไงบ้าง”,,,,ยูมะ: “บทเรียนวันนี้เป็นยังไงบ้าง”
,,,,,,smile,,yuno,“ไม่มีปัญหา ส.บ.ม.ย.ห.”,,,,ยูโนะ: “ไม่มีปัญหา ส.บ.ม.ย.ห.”
,,,,,,,,yuma,“ไปเอาคำศัพท์แปลกๆ มาจากอินเทอร์เน็ตอีกแล้ว ว่าแต่มันไม่เก่าไปหน่อยเหรอ”,,,,ยูมะ: “ไปเอาคำศัพท์แปลกๆ มาจากอินเทอร์เน็ตอีกแล้ว ว่าแต่มันไม่เก่าไปหน่อยเหรอ”
,,,,,,,,,ต้องเท้าความก่อนว่าน้องสาวของผม ยูโนะ เธอไม่ไปโรงเรียน,,,,ต้องเท้าความก่อนว่าน้องสาวของผม ยูโนะ เธอไม่ไปโรงเรียน
,,,,,,,,,เนื่องจากเธอสุขภาพไม่แข็งแรงตั้งแต่ยังเด็ก เธอจึงเรียนแบบโฮมสคูลอยู่ที่บ้าน,,,,เนื่องจากเธอสุขภาพไม่แข็งแรงตั้งแต่ยังเด็ก เธอจึงเรียนแบบโฮมสคูลอยู่ที่บ้าน
,,,,,,,,,ซึ่งเป็นหลักสูตรการเรียนการสอนผ่านอินเทอร์เน็ต,,,,ซึ่งเป็นหลักสูตรการเรียนการสอนผ่านอินเทอร์เน็ต
,,,,,,,,,ถึงจะมีกิจกรรมรวมกลุ่มก็เป็นกิจกรรมออนไลน์ทั้งหมด,,,,ถึงจะมีกิจกรรมรวมกลุ่มก็เป็นกิจกรรมออนไลน์ทั้งหมด
,,,,,,,,,ด้วยเหตุนี้เธอจึงเขินอายและประหม่าอย่างมากเวลาเจอคนแปลกหน้าทุกคน,,,,ด้วยเหตุนี้เธอจึงเขินอายและประหม่าอย่างมากเวลาเจอคนแปลกหน้าทุกคน
,,,,,,,,,และเป็นอีกเหตุผลที่เธอสนิทและติดผมแจแจผมมากกว่าคู่พี่ชาย-น้องสาวทั่วไป,,,,และเป็นอีกเหตุผลที่เธอสนิทและติดผมแจแจผมมากกว่าคู่พี่ชาย-น้องสาวทั่วไป
,,,,,,mumu_2,,yuno,“รอบนี้ดวงไม่ดีเลย กด(เลือกซักอันว่ากดหรือหมุน)หมุนกาชาได้แต่ตัวกากๆ”,,,[SFX เสียงจากเกมมือถือ],ยูโนะ: “รอบนี้ดวงไม่ดีเลย กด(เลือกซักอันว่ากดหรือหมุน)หมุนกาชาได้แต่ตัวกากๆ”
,,,,,,endure_2,,yuno,“เกมห่วย ไม่เล่นแล้ว”,,,,ยูโนะ: “เกมห่วย ไม่เล่นแล้ว”
,,,,,,,,yuma,“บอกแล้วว่าอย่าเติมเยอะเกินไป”,,,,ยูมะ: “บอกแล้วว่าอย่าเติมเยอะเกินไป”
,,,,,,serious,,yuno,“พี่น่ะเงียบไปเลย วันนี้แค่ดวงไม่ดีเท่านั้นแหละ”,,,,ยูโนะ: “พี่น่ะเงียบไปเลย วันนี้แค่ดวงไม่ดีเท่านั้นแหละ”
,,,,,,,,,พอพูดจบเธอก็ลุกขึ้นและเข้าห้องนอนของเธอไปโดยไม่พูดอะไรต่อ,,,,พอพูดจบเธอก็ลุกขึ้นและเข้าห้องนอนของเธอไปโดยไม่พูดอะไรต่อ
,,,,,,,,,น้องสาวของผมมักจะเป็นแบบนี้ประจำ เวลาที่ไม่ได้ของที่ต้องการก็จะอารมณ์เสีย,,,,น้องสาวของผมมักจะเป็นแบบนี้ประจำ เวลาที่ไม่ได้ของที่ต้องการก็จะอารมณ์เสีย
,,,,,,,,,แต่เป็นแค่อารมณ์ชั่วครู่เท่านั้นแหละ เดี๋ยวพรุ่งนี้ก็กลับมาเป็นปกติ,,,,แต่เป็นแค่อารมณ์ชั่วครู่เท่านั้นแหละ เดี๋ยวพรุ่งนี้ก็กลับมาเป็นปกติ
twroom001n_19201080,,,,,,,,yuma,เป็นหนึ่งวันที่วุ่นวายเอาเรื่องเลย,,,,ยูมะ: เป็นหนึ่งวันที่วุ่นวายเอาเรื่องเลย
,,,,,,,,,ไหนจะสภานักเรียน ไหนรุ่นพี่ดาวเด่น,,,,ไหนจะสภานักเรียน ไหนรุ่นพี่ดาวเด่น
,,,,,,,,,ว่าแต่การโหวตนี่มันควรเป็นเรื่องของนักเรียนในโรงเรียนไม่ใช่เหรอ สมาคมศิษย์เก่ามายุ่งอะไรด้วย,,,,ว่าแต่การโหวตนี่มันควรเป็นเรื่องของนักเรียนในโรงเรียนไม่ใช่เหรอ สมาคมศิษย์เก่ามายุ่งอะไรด้วย
,,,,,,,,,ผลจะออกมายังไงก็ช่าง ยังไงผมก็ต้องทำงานเอกสารอยู่ดี เลิกคิดให้ปวดหัวดีกว่า,,,,ผลจะออกมายังไงก็ช่าง ยังไงผมก็ต้องทำงานเอกสารอยู่ดี เลิกคิดให้ปวดหัวดีกว่า
,,,,yuno,,fun,,yuno,“เย้! ในที่สุดก็กดกาชาได้แมวน้ำ legendary แล้ว”,,,,ยูโนะ: “เย้! ในที่สุดก็กดกาชาได้แมวน้ำ legendary แล้ว”
,,,,,,smug,,yuno,“หม่ามี๊มารับหนูแล้วเจ้าแมวน้ำเทพอัสนีกัมปนาทฟาดปฐพีผ่าสมุทร”,,,,ยูโนะ: “หม่ามี๊มารับหนูแล้วเจ้าแมวน้ำเทพอัสนีกัมปนาทฟาดปฐพีผ่าสมุทร”
,,,,,,,,,เสียงยูโนะดังมาถึงในห้องนอนผม ดูท่าทางเธอจะอารมณ์ดีขึ้นแล้ว,,,,เสียงยูโนะดังมาถึงในห้องนอนผม ดูท่าทางเธอจะอารมณ์ดีขึ้นแล้ว
,,,,,,,,,แต่ชื่อตัวละครในเกมมันไม่ยาวไปหน่อยเหรอสำหรับแมวน้ำ…,,,,แต่ชื่อตัวละครในเกมมันไม่ยาวไปหน่อยเหรอสำหรับแมวน้ำ…
,,,,,,,,,บางทีผู้พัฒนาเกมอาจจะคิดว่าแค่ใส่ชื่อตัวละครให้ยาวก็ดูสมกับเป็นตัวละครระดับ legendary แล้วสินะ,,,,บางทีผู้พัฒนาเกมอาจจะคิดว่าแค่ใส่ชื่อตัวละครให้ยาวก็ดูสมกับเป็นตัวละครระดับ legendary แล้วสินะ
,,,,,,,,,ตอนแรกคิดว่าอาจจะต้องเข้าไปปลอบ แต่ดูเหมือนจะไม่จำเป็นแล้วสินะ,,,,ตอนแรกคิดว่าอาจจะต้องเข้าไปปลอบ แต่ดูเหมือนจะไม่จำเป็นแล้วสินะ
,,,,,,,,,เข้านอนดีกว่า……,,,,เข้านอนดีกว่า……